﻿
DROP DATABASE IF EXISTS imdb;
DROP DATABASE IF EXISTS mydb;
CREATE DATABASE imdb;
CREATE DATABASE mydb;
USE imdb;

--
-- Table structure for table `actors`
--

DROP TABLE IF EXISTS `actors`;
CREATE TABLE `actors` (
  `id` int(11) NOT NULL default '0',
  `full_name` varchar(200) default NULL,
  `gender` varchar(1) default NULL,
   PRIMARY KEY  (`id`)
) ENGINE=MyISAM DEFAULT CHARSET=utf8;

--
-- Dumping data for table `actors`
--

LOCK TABLES `actors` WRITE;
/*!40000 ALTER TABLE `actors` DISABLE KEYS */;
INSERT INTO `actors` VALUES (933,'Lewis Abernathy','M'),
(2547,'Andrew Adamson','M'),
(2700,'William Addy','M'),
(2898,'Seth Adkins','M'),
(2925,'Charles Adler','M'),
(3226,'Casey Affleck','M'),
(4306,'Shigekazu Aida','M'),
(4856,'Julliet Akinyi','M'),
(6005,'Henri Alciatore','M'),
(6990,'Dean Alexandrou','M'),
(7124,'Jim Alfonso','M'),
(7817,'Carl Allen','M'),
(7979,'van Allen','M'),
(8161,'Richard XV Allen','M'),
(8409,'Anthony Allison','M'),
(8412,'Bill Allison','M'),
(8426,'Frankie J. Allison','M'),
(9184,'Steve Altes','M'),
(9275,'Walter Altman','M'),
(11489,'Dion Anderson','M'),
(11547,'George V Anderson','M'),
(11590,'J. Todd Anderson','M'),
(11865,'Scott G. Anderson','M'),
(12043,'Kris Andersson','M'),
(12508,'David Andrews','M'),
(12987,'Jack Angel','M'),
(13553,'Joey Ansah','M'),
(14741,'Royce D. Applegate','M'),
(14973,'Julian Arahanga','M'),
(15068,'Raul Aranas','M'),
(15854,'Geoffrey Arend','M'),
(15921,'Guillaume Aretos','M'),
(16669,'Alun Armstrong','M'),
(16791,'Neil Armstrong','M'),
(16844,'William Armstrong','M'),
(17326,'Abraham Aronofsky','M'),
(17433,'Alexis Arquette','M'),
(17438,'Richmond Arquette','M'),
(17946,'Michael Arturo','M'),
(18534,'Graham Ashley','M'),
(18638,'Richard Ashton','M'),
(18826,'Edward Asner','M'),
(19123,'David Aston','M'),
(19873,'Rene Auberjonois','M'),
(20565,'Mark Austin','M'),
(21959,'Ryuichiro Baba','M'),
(22188,'James Babson','M'),
(22262,'Mike Bacarella','M'),
(22489,'Joe Bacino','M'),
(22591,'Kevin Bacon','M'),
(22669,'Michael Badalucco','M'),
(22723,'Diedrich Bader','M'),
(23488,'Eion Bailey','M'),
(24164,'Dylan Baker','M'),
(24298,'Kenny Baker','M'),
(24389,'Rick Baker','M'),
(24660,'Matthew Balaban','M'),
(25103,'Christian Bale','M'),
(25293,'Jeremy Ball','M'),
(25743,'Kirk Baltz','M'),
(26018,'John Bandemer','M'),
(26409,'an Bannen','M'),
(28218,'Christopher Daniel Barnes','M'),
(28510,'Roy Barnitt','M'),
(29603,'Jason Barry','M'),
(29686,'Thom Barry','M'),
(30298,'Billy Barty','M'),
(31092,'Dean Batchelor','M'),
(32474,'Joe Bays','M'),
(32648,'Scott Beach','M'),
(32842,'Lightning Bear','M'),
(32884,'Kevin Beard','M'),
(33024,'Lou Beatty Jr.','M'),
(33582,'William Beck','M'),
(33865,'Andy Beckwith','M'),
(35463,'Ned Bellamy','M'),
(35741,'Gil Bellows','M'),
(36005,'John Belushi','M'),
(36390,'Nat Benchley','M'),
(36472,'Lawrence Bender','M'),
(36641,'Jay Benedict','M'),
(37040,'David Benn','M'),
(38306,'Jon Berg','M'),
(38626,'Loys T. Bergeron','M'),
(38779,'Jules Bergman','M'),
(38973,'Scott Clark Beringer','M'),
(39044,'Xander Berkeley','M'),
(39553,'Jay Bernard','M'),
(39860,'Steve Bernie','M'),
(41012,'Doug Beswick','M'),
(41156,'Val Bettin','M'),
(41200,'Jack Betts','M'),
(42278,'Michael Biehn','M'),
(42960,'Stephen Billington','M'),
(43791,'John Bishop','M'),
(43802,'Larry Bishop','M'),
(43842,'Stephen Bishop','M'),
(43899,'John Bisom','M'),
(43926,'Richard Bissell','M'),
(43967,'Joel Bissonnette','M'),
(44737,'Abdul Blackmanwest','M'),
(45134,'Geoffrey Blake','M'),
(45176,'Matty Blake','M'),
(45193,'Paul Blake','M'),
(45243,'Don Blakely','M'),
(46035,'Andrew Blesser','M'),
(46276,'Bobby Block','M'),
(46793,'Stuart Blumberg','M'),
(47366,'Ben Bode','M'),
(47448,'Wolfgang Bodison','M'),
(47548,'Bain Boehlke','M'),
(47858,'Hale Boggs','M'),
(48064,'Bruce Bohne','M'),
(48468,'Bill Bolender','M'),
(48630,'Diedrich Bollman','M'),
(49086,'Josh Bond','M'),
(49108,'Rudy Bond','M'),
(49661,'Bruce Bonnheim','M'),
(49922,'Mark Boone Junior','M'),
(50085,'Tim Booth','M'),
(50561,'Eric Bruno Borgman','M'),
(51588,'Morne Botes','M'),
(52396,'Anderson Bourell','M'),
(52913,'David Bowe','M'),
(52927,'Douglass Bowen Flynn','M'),
(52941,'Cameron Bowen','M'),
(52978,'Michael Bowen','M'),
(53441,'Cayden Boyd','M'),
(54608,'Eric Braeden','M'),
(54620,'Zach Braff','M'),
(54814,'Richard Brake','M'),
(54888,'Mark Bramhall','M'),
(55108,'Larry Brandenburg','M'),
(55174,'Marlon Brando','M'),
(55263,'Barry Brandt','M'),
(55349,'Willy Brandt','M'),
(55702,'Chuck Brauchler','M'),
(55975,'Garrett Brawith','M'),
(56160,'Walter Breaux','M'),
(56369,'Charles Brehm','M'),
(56513,'Ewen Bremner','M'),
(57184,'Leonid Brezhnev','M'),
(57333,'.D. Brickman','M'),
(57631,'Richard Bright','M'),
(57665,'Paul Brightwell','M'),
(57830,'Johnny Brink','M'),
(58327,'J. Paul Broadhead','M'),
(58481,'Stanley Brock','M'),
(58566,'Charley Broderick','M'),
(58775,'Josh Brolin','M'),
(58871,'Paul Bronk','M'),
(59227,'Randy Brooks','M'),
(59323,'Brian Brophy','M'),
(59824,'Clancy Brown','M'),
(60384,'Phil Brown','M'),
(60612,'W. Earl Brown','M'),
(61441,'Jon Bruno','M'),
(62520,'Raymond Buck','M'),
(62556,'Jason Buckham','M'),
(63432,'Kim Bullard','M'),
(63521,'Tom V Bullock','M'),
(63695,'Edward Bunker','M'),
(63813,'Cliff Bura','M'),
(64724,'Ted Burnett','M'),
(64793,'Alex Burns','M'),
(65536,'Steve Buscemi','M'),
(65966,'Michael Butcher','M'),
(66328,'Mike Butters','M'),
(66495,'Ezra Buzzington','M'),
(66776,'Chris Byrne','M'),
(66791,'Eddie Byrne','M'),
(66825,'Michael Byrne','M'),
(67492,'James Caan','M'),
(67493,'Scott Caan','M'),
(67598,'Charles Cabell','M'),
(67599,'Earle Cabell','M'),
(67954,'John Cadenhead','M'),
(68048,'Harry Caesar','M'),
(68424,'Michael Caine','M'),
(68754,'Paul Calderon','M'),
(68858,'Philip Caldwell','M'),
(69186,'Roger Callard','M'),
(69902,'Cody Cameron','M'),
(69940,'James Cameron','M'),
(70137,'Hamilton Camp','M'),
(70282,'Bruce Campbell','M'),
(70588,'Sol Campbell','M'),
(70744,'Bruno Campolo','M'),
(71116,'John Candy','M'),
(71699,'Mickey Cantwell','M'),
(71767,'Jason Ninh Cao','M'),
(72215,'Mark Capri','M'),
(72356,'Paul Carafotes','M'),
(73209,'Chris Carley','M'),
(73473,'Francis M. Carlson','M'),
(73950,'Liam Carney','M'),
(74449,'David Carradine','M'),
(75195,'Price Carson','M'),
(75369,'Gary Carter','M'),
(76228,'Nicholas Cascone','M'),
(76443,'Aaron James Cash','M'),
(76653,'Marc Cass','M'),
(76739,'Vincent Cassel','M'),
(77118,'Richard S. Castellano','M'),
(77617,'Fidel Castro','M'),
(78467,'Frank Cavestani','M'),
(78574,'John Cazale','M'),
(80345,'Barry Chambers','M'),
(81479,'John V Chapman','M'),
(81486,'Kevin Chapman','M'),
(81499,'Mark Lindsay Chapman','M'),
(82770,'Don Cheadle','M'),
(82887,'Ken Cheeseman','M'),
(84019,'Peter Cheyenne','M'),
(84199,'Sonny Chiba','M'),
(84795,'Jimmy Chisholm','M'),
(84902,'Fred Chiverton','M'),
(85253,'Arnold Chon','M'),
(85282,'Marcus Chong','M'),
(86167,'Tory Christopher','M'),
(86866,'Carl Ciarfalio','M'),
(86916,'Jude Ciccolella','M'),
(87502,'Franco Citti','M'),
(87969,'Eric Clark','M'),
(88262,'Spencer Treat Clark','M'),
(88326,'William Paul Clark','M'),
(88336,'Adam Clarke','M'),
(89087,'Christian Clemenson','M'),
(89558,'George Clooney','M'),
(90307,'Hugo Codaro','M'),
(91369,'Gary Cole','M'),
(91695,'Michael X Coleman','M'),
(91835,'Daniel Coli','M'),
(92394,'Marty Collins','M'),
(92556,'Frank Collison','M'),
(92815,'Sydney Big Dawg Colston','M'),
(92907,'Vance Colvig Jr.','M'),
(92931,'Steven Colvin','M'),
(93441,'Tim Condren','M'),
(93623,'Jack Conley','M'),
(93689,'John Connally','M'),
(93883,'Brendan Connolly','M'),
(93916,'Michael S. Connolly','M'),
(94387,'Richard Conte','M'),
(94668,'Kevin Conway','M'),
(95037,'Gregory Cooke','M'),
(95298,'Christopher E. Cooper','M'),
(95420,'John Sherman Cooper','M'),
(95602,'Harold E. Cope Jr.','M'),
(95622,'Zachary David Cope','M'),
(95766,'Barry Copping','M'),
(95789,'Carmine Coppola','M'),
(95799,'Gian-Carlo Coppola','M'),
(96353,'Charles Cork','M'),
(96438,'Roger Corman','M'),
(97090,'Salvatore Corsitto','M'),
(97507,'Ralph Cosham','M'),
(97563,'James Cosmo','M'),
(97566,'Tony Cosmo','M'),
(98021,'Kevin Costner','M'),
(98103,'Richard Cotovsky','M'),
(99156,'Brian Cox','M'),
(99184,'Darryl Cox','M'),
(99325,'Sidney Cox','M'),
(99351,'Willard Cox','M'),
(99401,'Joe Coyle','M'),
(99597,'Chris Cragnotti','M'),
(99685,'John D. Craig','M'),
(99941,'Simon Crane','M'),
(100044,'Matt Craven','M'),
(100230,'Thomas Crawford','M'),
(100257,'Robert Cray','M'),
(101230,'Walter Cronkite','M'),
(101233,'David Cronnelly','M'),
(101557,'Trevor Crouch','M'),
(101879,'Tom Cruise','M'),
(102758,'Brett Cullen','M'),
(102882,'Joseph Culp','M'),
(103007,'Jim Cummings','M'),
(103244,'James Cunningham','M'),
(103411,'James Curatola','M'),
(103548,'Phill Curr','M'),
(103728,'Tim Curry','M'),
(103769,'Alfie Curtis','M'),
(103985,'Peter Cushing','M'),
(105163,'Vincent DOnofrio','M'),
(106131,'Goro Daimon','M'),
(106703,'Sam Dalton','M'),
(107068,'Matt Damon','M'),
(107285,'Benjamin Dane','M'),
(107524,'Joshua Daniel','M'),
(107609,'Anthony Daniels','M'),
(107687,'J.D. Daniels','M'),
(108006,'Cesare Danova','M'),
(109023,'James Daughton','M'),
(109357,'Elwin Chopper David','M'),
(109823,'John V Davies','M'),
(109892,'Robert V Davies','M'),
(110268,'Gary Lee Davis','M'),
(110563,'Norman Davis','M'),
(111129,'J.C. Day','M'),
(112303,'Charles de Gaulle','M'),
(113187,'Jesse De Luna','M'),
(114701,'Tim De Zarn','M'),
(114899,'Loren Dean','M'),
(114951,'Robertson Dean','M'),
(115036,'Dalton Dearborn','M'),
(115652,'Mickey Dee','M'),
(116634,'Benicio Del Toro','M'),
(116901,'Michael Delano','M'),
(116949,'Brian Delate','M'),
(117395,'Charlie Dell','M'),
(117653,'Michael DeLorenzo','M'),
(118247,'Martin Dempsey','M'),
(118282,'Jeffrey DeMunn','M'),
(118428,'Robert A. Denham','M'),
(118548,'Tony Denman','M'),
(118569,'Barry Dennen','M'),
(118681,'Peter Dennis','M'),
(118957,'Eugene C. DePasquale','M'),
(119276,'Thomas Derrah','M'),
(120124,'William Devane','M'),
(121418,'Fraser Diamond','M'),
(121453,'Peter Diamond','M'),
(121475,'Warwick Diamond','M'),
(121758,'Leonardo DiCaprio','M'),
(122803,'Paul Dillon','M'),
(123513,'Douglas Dirkson','M'),
(124607,'Steve Dodd','M'),
(124961,'Sean Patrick Doherty','M'),
(125323,'John Doman','M'),
(125676,'Ron Donachie','M'),
(125700,'Liam Donaghy','M'),
(126086,'Ray Donn','M'),
(126469,'Richard Doone','M'),
(126550,'Matt Doran','M'),
(127373,'Al Manuel Douglas','M'),
(127395,'Brad R. Douglas','M'),
(127498,'Jerry Douglas','M'),
(127499,'Jerry Douglas','M'),
(127583,'Sam Douglas','M'),
(127836,'Scott Dow','M'),
(127881,'Barry Dowden','M'),
(128274,'Brian Doyle-Murray','M'),
(128379,'Austin Drage','M'),
(129545,'François du Bois','M'),
(130410,'Todd Duffey','M'),
(130426,'Shay Duffin','M'),
(130918,'John Dullaghan','M'),
(130922,'Allen Dulles','M'),
(130991,'Jebidiah R. Dumas','M'),
(131649,'Kevin Dunn','M'),
(131774,'Martin Dunne','M'),
(132506,'Charles Durning','M'),
(132963,'Robert Duvall','M'),
(132969,'Wayne Duvall','M'),
(133243,'Dale Dye','M'),
(134352,'Martin East','M'),
(134737,'Rick Eby','M'),
(134784,'Freedom Eche','M'),
(134973,'James Ecklund','M'),
(135144,'Steve Edelman','M'),
(135628,'Charles V Edwards','M'),
(136754,'Dwight D. Eisenhower','M'),
(138172,'R. Bruce Elliott','M'),
(138178,'Robert Elliott','M'),
(138258,'Chris Ellis','M'),
(138312,'Greg Ellis','M'),
(138351,'Jonathan D. Ellis','M'),
(138982,'James Embree','M'),
(140049,'Michael Ensign','M'),
(140494,'Ludwig Erhard','M'),
(141094,'Bill Erwin','M'),
(141251,'Georg O.P. Eschert','M'),
(141692,'Pablo Espinosa','M'),
(141883,'Ato Essandoh','M'),
(142943,'Troy Evans','M'),
(142962,'Jonathan Evans-Jones','M'),
(143022,'Wayne A. Evenson','M'),
(144260,'Blain Fairman','M'),
(144555,'Anders Falk','M'),
(145053,'Tim Faraday','M'),
(145321,'Dennis Farina','M'),
(145529,'Lonnie Farmer','M'),
(145540,'Reginald Farmer','M'),
(145563,'John Farnell','M'),
(146642,'Hugh Feagin','M'),
(146792,'John Fedevich','M'),
(146916,'Russ Fega','M'),
(147343,'José Feliciano','M'),
(148581,'Jorge Fernández','M'),
(149274,'Martin Ferrero','M'),
(149545,'John Ferus','M'),
(150046,'Christopher John Fields','M'),
(151186,'John Finnegan','M'),
(151200,'Michael W. Finnell','M'),
(151331,'John C. Fiore','M'),
(151533,'Siegfried Fischbacher','M'),
(151786,'Laurence Fishburne','M'),
(151893,'George Fisher','M'),
(152175,'Mark Fite','M'),
(152366,'Shawn Fitzgibbon','M'),
(152725,'Tommy Flanagan','M'),
(153139,'Jason Flemyng','M'),
(153207,'Edward Fletcher','M'),
(154245,'Shawn Fogarty','M'),
(154269,'Adam Fogerty','M'),
(154514,'Gabriel Folse','M'),
(154923,'Jon Foo','M'),
(155121,'Alan Ford','M'),
(155223,'Harrison Ford','M'),
(155472,'Terry Forestal','M'),
(155704,'Anthony Forrest','M'),
(155804,'Grant Forsberg','M'),
(155930,'Edmund Alan Forsyth','M'),
(156020,'Millford Fortenberry','M'),
(156523,'V.J. Foster','M'),
(156939,'Bernard Fox','M'),
(157096,'Richard Fox','M'),
(157570,'Christopher Francis','M'),
(157680,'Romeo Francis','M'),
(158111,'Robert V Frank','M'),
(158125,'Tony Frank','M'),
(158347,'Scott Franklin','M'),
(159225,'Alfonso Freeman','M'),
(159290,'ssac Freeman','M'),
(159310,'John Freeman','M'),
(159346,'Morgan Freeman','M'),
(160178,'Barry Friedman','M'),
(161529,'Takashi Fujii','M'),
(162318,'Stephen Furst','M'),
(162721,'Thomas Füri','M'),
(163352,'Ted Gagliano','M'),
(163629,'Corrado Gaipa','M'),
(163807,'Michael Galasso','M'),
(163893,'Ed Gale','M'),
(163948,'Johnny Galecki','M'),
(164729,'John William Galt','M'),
(165472,'David Gant','M'),
(165505,'Mark Gantt','M'),
(165721,'Victor Garber','M'),
(165825,'Andy Garcia','M'),
(166835,'Jay Gardner','M'),
(166901,'Salo Gardner','M'),
(167114,'Dave Zee Garison','M'),
(167468,'James V Garrett','M'),
(167625,'Jim Garrison','M'),
(167973,'Quinn Gasaway','M'),
(168574,'James Gaulke','M'),
(168906,'Steve Gawley','M'),
(169238,'Anthony Geary','M'),
(169408,'Robbie Gee','M'),
(169704,'Bruce Gelb','M'),
(171349,'Leo Geter','M'),
(171524,'John Ghaly','M'),
(171937,'Sam Giancana','M'),
(172359,'Donal Gibson','M'),
(172424,'Mel Gibson','M'),
(172617,'Alec Gifford','M'),
(172669,'Werner Giger','M'),
(172814,'Peter Gil','M'),
(172915,'Ed Gilbert','M'),
(172927,'Gary Gilbert','M'),
(173008,'Ron Gilbert','M'),
(173104,'Michael Gilden','M'),
(173761,'Roswell Gilpatric','M'),
(174206,'Tony Giorgio','M'),
(174382,'Michael Girardin','M'),
(174704,'Neil Giuntoli','M'),
(175000,'Gil Glasgow','M'),
(175268,'Brendan Gleeson','M'),
(175696,'Herbert Glucksman','M'),
(175853,'Barry Gnome','M'),
(176042,'Paul Goddard','M'),
(176421,'Rusty Goffe','M'),
(176918,'Erwin Goldi','M'),
(177746,'Matthew Gonder','M'),
(178678,'Matthew Michael Goodall','M'),
(178682,'Taylor Goodall','M'),
(178720,'Dwight Gooden','M'),
(178761,'Cuba Gooding Jr.','M'),
(178861,'John Goodman','M'),
(180149,'Thom Gossom Jr.','M'),
(180448,'Jim Gough','M'),
(180512,'Bill Gould','M'),
(180540,'Elliott Gould','M'),
(180543,'Geoffrey Gould','M'),
(180650,'Anthony Gounaris','M'),
(181071,'Topher Grace','M'),
(181392,'Gerrit Graham','M'),
(181486,'Richard Graham','M'),
(181512,'Stephen Graham','M'),
(181749,'saac Grand','M'),
(182820,'Marc Gray','M'),
(182947,'Kenneth Graymez','M'),
(183405,'van Green','M'),
(183829,'Gordon Greene','M'),
(183894,'Peter Greene','M'),
(184031,'Rick Greenough','M'),
(184173,'Kevin Scott Greer','M'),
(184188,'William Greer','M'),
(184634,'Zach Grenier','M'),
(184670,'Googy Gress','M'),
(184753,'Duane Grey','M'),
(185071,'Laurence R. Griffin','M'),
(185657,'Joe Lo Grippo','M'),
(185823,'Robert J. Groden','M'),
(185836,'Max Grodénchik','M'),
(185960,'Andrei Gromyko','M'),
(186293,'Sonny Grosso','M'),
(186528,'Gary Grubbs','M'),
(186652,'oan Gruffudd','M'),
(186688,'Greg Grunberg','M'),
(187811,'Christopher Guest','M'),
(188411,'Alec Guinness','M'),
(188463,'Tom Guiry','M'),
(188640,'Sean Gullette','M'),
(189012,'Bob Gunton','M'),
(189147,'Michael Gurievsky','M'),
(189341,'Louis Guss','M'),
(191424,'Buddy Hackett','M'),
(192018,'Paul Haggar','M'),
(192106,'Nik Hagler','M'),
(192139,'Garrick Hagon','M'),
(192290,'Sid Haig','M'),
(192874,'Robert Haley','M'),
(193175,'Jack V Hall','M'),
(193293,'Nelson Hall','M'),
(193682,'Todd Hallowell','M'),
(193699,'Eldon G. Hallum','M'),
(193995,'Craig Hamann','M'),
(194181,'Mark Hamill','M'),
(194465,'Robert Hamlett','M'),
(195126,'Ari Handel','M'),
(195384,'Larry Hankin','M'),
(195428,'Tom Hanks','M'),
(195497,'Peter Hanly','M'),
(195778,'Barry Hansen','M'),
(196459,'Nigel Harbach','M'),
(196754,'Reg Harding','M'),
(197019,'Bobby Hargis','M'),
(197172,'John Harlan','M'),
(197630,'James N. Harrell','M'),
(197798,'Alan Harris','M'),
(197824,'Baxter Harris','M'),
(197929,'Ed Harris','M'),
(198505,'Robert F. Harrison','M'),
(198544,'Todd Harrison','M'),
(199768,'Lorenz Hasler','M'),
(199843,'Tamer Hassan','M'),
(200155,'John Hathaway','M'),
(200269,'Yasuhiko Hattori','M'),
(200331,'Ben Hauck','M'),
(200362,'Rutger Hauer','M'),
(200375,'Alan Haufrect','M'),
(200896,'Jakob Hawkins','M'),
(201013,'Phil Hawn','M'),
(201146,'Fumihiro Hayashi','M'),
(201256,'Sterling Hayden','M'),
(202366,'David Hecht','M'),
(202412,'Gary A. Hecker','M'),
(204119,'Don Henderson','M'),
(204475,'Drewe Henley','M'),
(204493,'Christopher Henn','M'),
(204719,'Lance Henriksen','M'),
(205055,'Frank Henson','M'),
(205106,'Andrew J. Hentz','M'),
(205287,'Paul V Herbert','M'),
(205392,'Richard Herd','M'),
(205567,'David Herman','M'),
(205634,'Stanley Herman','M'),
(205863,'Jorge R. Hernandez','M'),
(206644,'Miles Herter','M'),
(206648,'Harold G. Herthum','M'),
(207426,'Stephen Hibbert','M'),
(208287,'Bernard Hill','M'),
(208323,'Clint Hill','M'),
(209006,'Scott Hinds','M'),
(209729,'Scott Hislop','M'),
(210144,'Sid Hoare','M'),
(210153,'Jerome Patrick Hoban','M'),
(210799,'Jimmy Hoffa','M'),
(210962,'Robert X Hoffman','M'),
(211557,'Larry Holden','M'),
(211741,'Ryan Holihan','M'),
(211832,'Erik Holland','M'),
(212283,'an Holm','M'),
(212771,'David Holt','M'),
(213555,'William Hootkins','M'),
(213580,'J. Edgar Hoover','M'),
(213646,'William Hope','M'),
(213832,'Tim Hopper','M'),
(214094,'Roy Horn','M'),
(214150,'J.R. Horne','M'),
(214412,'Bernard Horsfall','M'),
(214502,'John Horton','M'),
(214973,'Andrew Houghton','M'),
(215190,'Gary Houston','M'),
(215312,'Michael Hovinga','M'),
(215331,'Keith How','M'),
(215405,'Clint Howard','M'),
(215493,'Jeff V Howard','M'),
(215595,'Rance Howard','M'),
(215640,'Tom Howard','M'),
(215780,'Arthur Howell','M'),
(216347,'Xiaohui Hu','M'),
(216473,'Martin Hub','M'),
(216951,'Zach Hudson','M'),
(217399,'Michael V Hughes','M'),
(217405,'Miko Hughes','M'),
(217663,'Tom Hulce','M'),
(217669,'Endre Hules','M'),
(217950,'Hubert H. Humphrey','M'),
(218133,'Bob Hungerford','M'),
(219643,'Jonathan Hyde','M'),
(220339,'Peter acangelo','M'),
(220634,'Luis caza','M'),
(221162,'Yumi keda','M'),
(221431,'Tommy lsley','M'),
(221889,'Angelo nfanti','M'),
(222947,'Ronald saac','M'),
(223383,'J.C. slander','M'),
(224034,'George vey','M'),
(224682,'Doug Jackson','M'),
(224799,'Jesse Jackson','M'),
(224819,'John M. Jackson','M'),
(224828,'Joshua Jackson','M'),
(224852,'Kyle Scott Jackson','M'),
(224998,'Ron Jackson','M'),
(225014,'Samuel L. Jackson','M'),
(226351,'Emmett James','M'),
(226391,'Grant James','M'),
(226488,'Lennie James','M'),
(227732,'Gabriel Jarret','M'),
(227836,'Martin Jarvis','M'),
(228167,'Steve Jay','M'),
(228435,'Herb Jefferson Jr.','M'),
(228721,'Eddie Jemison','M'),
(229140,'David Jensen','M'),
(229667,'DeWayne Jessie','M'),
(230490,'Darren Joel','M'),
(230528,'Rudy Joffroy','M'),
(231223,'Chris V Johnson','M'),
(231719,'Lyndon Johnson','M'),
(232111,'William Johnson','M'),
(232212,'J.J. Johnston','M'),
(232234,'Joe Johnston','M'),
(233082,'James Earl Jones','M'),
(233163,'John Randolph Jones','M'),
(233402,'Orlando Jones','M'),
(233574,'Seth Adam Jones','M'),
(233656,'Tommy Lee Jones','M'),
(233693,'Vinnie Jones','M'),
(234067,'Oscar Jordan','M'),
(234872,'John X Joyce','M'),
(235073,'John Judd','M'),
(235110,'Mike Judge','M'),
(235260,'Chuck Julian','M'),
(240277,'Daniel Kash','M'),
(241342,'John Kavanagh','M'),
(241542,'Hiroshi Kawashima','M'),
(241719,'Joe Kaye','M'),
(241906,'John Kazek','M'),
(242102,'Charlie Kearns','M'),
(242176,'Ryan Keating','M'),
(242646,'Michael Kehoe','M'),
(242760,'Harvey Keitel','M'),
(242845,'Warren Keith','M'),
(242968,'J.D. Kelleher','M'),
(243104,'Roy Kellerman','M'),
(243306,'Craig Kelly','M'),
(243383,'George Kelly','M'),
(243428,'Jason Kelly','M'),
(243490,'M.G. Kelly','M'),
(243553,'Phil Kelly','M'),
(243869,'Ken Kemp','M'),
(243897,'Tom Kemp','M'),
(243963,'Victor Kempster','M'),
(244175,'John Kennedy Jr.','M'),
(244292,'John F. Kennedy','M'),
(244298,'Joseph P. Kennedy','M'),
(244351,'Mike V Kennedy','M'),
(244368,'Paul Kennedy','M'),
(244402,'Robert F. Kennedy','M'),
(244421,'T.J. Kennedy','M'),
(244423,'Ted Kennedy','M'),
(244497,'Douglas Kenney','M'),
(244575,'Tony Kenny','M'),
(244787,'Jimmy Keogh','M'),
(244826,'John Kepley','M'),
(245499,'Alan R. Kessler','M'),
(246659,'Nikita Khrushchev','M'),
(247608,'Joon B. Kim','M'),
(248284,'Chris Thomas King','M'),
(248525,'Martin Luther King','M'),
(248904,'Jari Kinnunen','M'),
(249760,'James Kisicki','M'),
(249940,'Kazuki Kitamura','M'),
(249944,'Nobuhiko Kitamura','M'),
(250001,'Colin Michael Kitchens','M'),
(250025,'Nao Kitman','M'),
(250281,'Jack Klaff','M'),
(251175,'Vladimir Klitschko','M'),
(251351,'Jeffrey Kluger','M'),
(251881,'Travis Knight','M'),
(251891,'Wayne Knight','M'),
(251911,'Christopher Knights','M'),
(253952,'Ryo Kondo','M'),
(254667,'Tommy Kordick','M'),
(255239,'Christopher Kosiciuk','M'),
(256240,'Edward Kowalczyk','M'),
(256402,'Mark Kozelek','M'),
(256972,'Charlie Kranz','M'),
(258441,'Scott Krueger','M'),
(259004,'Mark Kubiak','M'),
(260069,'Jun Kunimura','M'),
(260427,'Michael Kuroiwa','M'),
(260737,'Naomi Kusumi','M'),
(261960,'Joe La Due','M'),
(262141,'Charles La Russa','M'),
(263645,'Martin Laing','M'),
(264162,'Phil LaMarr','M'),
(264716,'Jim Lampley','M'),
(264813,'James Lancaster','M'),
(265558,'Anthony Lang','M'),
(265918,'Odin K. Langford','M'),
(266236,'Edward G. Lansdale','M'),
(266368,'Rob Lanza','M'),
(267122,'John Larroquette','M'),
(267297,'William Larsen','M'),
(268301,'John Laughlin','M'),
(269124,'Peter Lawford','M'),
(269196,'Sean Lawlor','M'),
(269326,'Harry Lawrence','M'),
(269401,'Matthew Lawrence','M'),
(269453,'Steve Lawrence','M'),
(269536,'Denis Lawson','M'),
(270444,'Derek Lea','M'),
(270527,'Richard Leaf','M'),
(271316,'Bernard Ledger','M'),
(271396,'Nathaniel Lee Jr.','M'),
(271849,'Jason Lee','M'),
(272379,'Tommy V Lee','M'),
(272456,'Zachary Lee','M'),
(272557,'John Lees','M'),
(272703,'Tim Leffman','M'),
(272853,'David Legeno','M'),
(272971,'Adam LeGrant','M'),
(273276,'Ron Leibman','M'),
(273506,'David Leitch','M'),
(273819,'Curtis LeMay','M'),
(273956,'Jack Lemmon','M'),
(274282,'Thomas Lennon','M'),
(274881,'Richard LeParmentier','M'),
(274897,'Ray LePere','M'),
(275713,'Jared Leto','M'),
(275761,'Al Lettieri','M'),
(275842,'Ken Leung','M'),
(276083,'Jay Levey','M'),
(276920,'Gus Lewis','M'),
(277029,'Lennox Lewis','M'),
(277250,'David Lewison','M'),
(277813,'Brian Libby','M'),
(278406,'Richard Lifschutz','M'),
(278501,'Michael Lightsey','M'),
(279222,'Chandler Lindauer','M'),
(279903,'Van Ling','M'),
(280303,'Jeff Lipman','M'),
(280383,'Andrew Lipschultz','M'),
(280540,'Gaetano Lisi','M'),
(280561,'Laine Liska','M'),
(280713,'John Lithgow','M'),
(280984,'Chia Hui Liu','M'),
(281238,'Ron Livingston','M'),
(281243,'Tyrone R. Livingston','M'),
(282065,'John Locke','M'),
(282244,'Henry Cabot Lodge','M'),
(282610,'Spain Logue','M'),
(282845,'David S. Lomax','M'),
(283456,'Mike Longman','M'),
(283561,'Shep Lonsdale','M'),
(283663,'Dean Lopata','M'),
(284337,'Scotch Ellis Loring','M'),
(284742,'Jonathan Loughran','M'),
(284829,'Todd Louiso','M'),
(285134,'Jim Lovell','M'),
(285368,'Lawrence Lowe','M'),
(287087,'Patrice Lumumba','M'),
(287224,'Morgan Lund','M'),
(287321,'Jacob Neal Lunders','M'),
(288254,'Will Lyman','M'),
(288312,'Don Lynch','M'),
(288354,'John Carroll Lynch','M'),
(288752,'Austin Lysy','M'),
(288772,'K. Todd Lytle','M'),
(289830,'Bernie Mac','M'),
(289909,'James MacArthur','M'),
(290194,'Ryan MacDonald','M'),
(290329,'Frank Macetta','M'),
(290341,'Angus Macfadyen','M'),
(290708,'Angus Macnnes','M'),
(290848,'Kevin Scott Mack','M'),
(291110,'Andrew Mackin','M'),
(291564,'William H. Macy','M'),
(292028,'Michael Madsen','M'),
(292379,'Ken Magee','M'),
(292742,'Augusto Magoni','M'),
(292815,'George Maguire','M'),
(293066,'Kabir Mahjoori','M'),
(293993,'Jun Maki','M'),
(294667,'Joshua Malina','M'),
(295164,'Peter Maloney','M'),
(295515,'Method Man','M'),
(296048,'Alf Mangan','M'),
(296549,'Scott Mann','M'),
(296907,'J.P. Manoux','M'),
(296955,'Clint Mansell','M'),
(297105,'Paul Mantee','M'),
(297473,'William Mapother','M'),
(297612,'Adam Maras','M'),
(297613,'Bob Maras','M'),
(298555,'Noah Margetts','M'),
(298615,'Mark Margolis','M'),
(298874,'Jason Marin','M'),
(299076,'Nicholas Marino','M'),
(299436,'Brian Markinson','M'),
(299756,'Ben Marley','M'),
(299764,'John Marley','M'),
(299922,'Akaji Maro','M'),
(300405,'Kenneth Mars','M'),
(300498,'Charles Marsh','M'),
(300701,'James Marshall','M'),
(300784,'Robert Marshall','M'),
(301208,'B.J. Martin','M'),
(301244,'Brad Martin','M'),
(301555,'John C. Martin','M'),
(301563,'Johnny Martin','M'),
(301810,'Steve Martin','M'),
(302252,'Lou Martini Jr.','M'),
(302307,'Al Martino','M'),
(302319,'John Martino','M'),
(304444,'Owen Masterson','M'),
(304920,'Tim Matheson','M'),
(304966,'John M. Mathews','M'),
(305678,'Walter Matthau','M'),
(305705,'Al Matthews','M'),
(306573,'Brad Mavis','M'),
(306623,'James Mawhinney','M'),
(306790,'Paul Maxwell','M'),
(306942,'Seth Michael May','M'),
(307200,'Peter Mayhew','M'),
(307236,'Jeff Maynard','M'),
(307547,'Stan Mazin','M'),
(308329,'Holt McCallany','M'),
(308366,'Rick McCallum','M'),
(308540,'Eugene McCarthy','M'),
(308572,'Kevin McCarthy','M'),
(308631,'Sean McCartin','M'),
(308971,'John J. McCloy','M'),
(309010,'Marc McClure','M'),
(309156,'John McConnell','M'),
(309251,'J. Patrick McCormack','M'),
(309501,'Paul McCrane','M'),
(309571,'Alex McCrindle','M'),
(309697,'Grant McCune','M'),
(310030,'Mac McDonald','M'),
(310474,'Colin McFarlane','M'),
(310708,'Bruce McGill','M'),
(310765,'John C. McGinley','M'),
(310769,'Sean McGinley','M'),
(310781,'Russ McGinn','M'),
(310868,'Patrick McGoohan','M'),
(310883,'Barry McGovern','M'),
(310903,'Michael McGovern','M'),
(311597,'Tim Mcntyre','M'),
(311663,'David McKay','M'),
(311756,'Michael McKean','M'),
(311828,'Mark McKeel','M'),
(312231,'Ray McKinnon','M'),
(312299,'Rod McKuen','M'),
(312623,'Errol McLendon','M'),
(312773,'Liam McMahon','M'),
(312806,'Don McManus','M'),
(312961,'Patrick McMullen','M'),
(313126,'Pat McNamara','M'),
(313131,'Robert McNamara','M'),
(313569,'Michael McShane','M'),
(313583,'Gerard McSorley','M'),
(313916,'Nick Meaney','M'),
(313930,'Randy Means','M'),
(313969,'Dean Measor','M'),
(314365,'Frank Medrano','M'),
(315810,'Larry Melton','M'),
(316965,'Larry Merchant','M'),
(317829,'Jim Meskimen','M'),
(318099,'Mark Metcalf','M'),
(318673,'Eric Meyers','M'),
(318718,'Rusty Meyers','M'),
(318797,'Lou Meza','M'),
(319724,'Patrick Mickler','M'),
(319795,'Clark Middleton','M'),
(319868,'Hikaru Midorikawa','M'),
(320748,'Andy Milder','M'),
(320846,'Mack Miles','M'),
(320960,'Tomas Milian','M'),
(321300,'Chris Miller','M'),
(321301,'Chris V Miller','M'),
(321383,'Dick Miller','M'),
(321731,'Matt Miller','M'),
(322384,'Zeke Mills','M'),
(322781,'Kazuyoshi Minamimagoe','M'),
(323181,'Willie Minor','M'),
(323403,'Evan Mirand','M'),
(324334,'Red Mitchell','M'),
(325101,'Robert Mobbs','M'),
(325748,'John Moio','M'),
(327340,'Lenny Montana','M'),
(327456,'Sal Monte','M'),
(328248,'Jeff Moon','M'),
(328405,'Bennie Moore','M'),
(330833,'Yoshiyuki Morishita','M'),
(332260,'Ryan B. Moschetti','M'),
(332724,'Mohammed Mossadegh','M'),
(332893,'Akira Motomura','M'),
(334370,'Peter Mullan','M'),
(335034,'Jan Munroe','M'),
(335368,'Bill Murdoch','M'),
(335617,'Cillian Murphy','M'),
(335657,'Eddie Murphy','M'),
(335689,'Gerard Murphy','M'),
(335791,'Martin Murphy','M'),
(335829,'Patrick V Murphy','M'),
(335955,'Bill Murray','M'),
(336279,'John Murtagh','M'),
(336283,'James Murtaugh','M'),
(337097,'Mike Myers','M'),
(338314,'Joseph Nadell','M'),
(338797,'Ajay Naidu','M'),
(338938,'Tetsuro Naka','M'),
(339292,'Kanako Nakazato','M'),
(339994,'Akimitsu Naruyama','M'),
(340538,'Geoffrey Nauffts','M'),
(341012,'Larry Nazimek','M'),
(341134,'Edwin Neal','M'),
(341480,'Liam Neeson','M'),
(341916,'Adam Nelson','M'),
(341985,'Christopher Allen Nelson','M'),
(341991,'Clifford Nelson','M'),
(342248,'Sandy Nelson','M'),
(342280,'Tim Blake Nelson','M'),
(342443,'Sean Nepita','M'),
(342939,'Larry Neumann Jr.','M'),
(343346,'Ron Newell','M'),
(343482,'John M. Newman','M'),
(343502,'Mark D. Newman','M'),
(343714,'Wayne Newton','M'),
(343930,'Dinh Diem Ngo','M'),
(344454,'Jack Nicholson','M'),
(346233,'Daniel Niswander','M'),
(346397,'Richard Nixon','M'),
(346988,'Paul L. Nolan','M'),
(347118,'Kunichi Nomura','M'),
(347754,'Lance Norris','M'),
(347922,'Alex Norton','M'),
(347943,'Edward Norton','M'),
(348858,'Danny Nucci','M'),
(349878,'Paul OBoyle','M'),
(349905,'Patrick OBrian','M'),
(349915,'Austin OBrien','M'),
(349941,'Conan OBrien','M'),
(350069,'Niall OBrien','M'),
(350285,'Ruary OConnell','M'),
(350358,'David OConnor','M'),
(350741,'Conor OFarrell','M'),
(350889,'David OHara','M'),
(350939,'Denis OHare','M'),
(350997,'Ed OKeefe','M'),
(351075,'Jer OLeary','M'),
(351253,'Mike ONeal','M'),
(351274,'Stephen ONeil Martin','M'),
(352931,'Kenji Ohba','M'),
(353175,'Yuji Okabe','M'),
(353656,'Gary Oldman','M'),
(354484,'Bjørn Olsen','M'),
(354791,'Willem Oltmans','M'),
(356562,'Louis Ortiz','M'),
(356699,'Bob Orwig','M'),
(357320,'Ron Ostrow','M'),
(358426,'Kevin Owers','M'),
(358535,'Michael Ozag','M'),
(358555,'Robert Ozasky','M'),
(358968,'Al Pacino','M'),
(358984,'Gene Pack','M'),
(359448,'Oliver Page','M'),
(359477,'T. Bruce Page','M'),
(359632,'Shah Mohammed Reza Pahlavi','M'),
(360502,'Gary Palmer','M'),
(360793,'Lew Palter','M'),
(361482,'Joe Pantoliano','M'),
(361582,'Connor Paolo','M'),
(362075,'John Paragon','M'),
(362717,'Steve Park','M'),
(362802,'Anthony Ray Parker','M'),
(362817,'Brad Parker','M'),
(363245,'James Parks','M'),
(363257,'Michael Parks','M'),
(363615,'Anthony Parrulli','M'),
(363724,'Jim Parsons','M'),
(364719,'Robert Paterson','M'),
(365287,'Frank Patton','M'),
(366173,'Bill Paxton','M'),
(366618,'Guy Pearce','M'),
(366696,'Stephen Pearlman','M'),
(366715,'Clive Pearse','M'),
(366808,'Malachi Pearson','M'),
(366832,'Shaun Pearson','M'),
(366884,'Michael Peavey','M'),
(367071,'Joe Pecoraro','M'),
(367572,'Todd Peirce','M'),
(367646,'Gregory Pekar','M'),
(368399,'Chris Penn','M'),
(368424,'Sean Penn','M'),
(368457,'Ted Pennebaker','M'),
(368628,'Del Pentecost','M'),
(369198,'Marco Perella','M'),
(369461,'Timothy Paul Perez','M'),
(370374,'John Perryman','M'),
(370660,'Joe Pesci','M'),
(371050,'Robert Peters','M'),
(371393,'Lorne Peterson','M'),
(371745,'George Petrie','M'),
(372035,'Rick Petrucelli','M'),
(372149,'Dan Pettersson','M'),
(373005,'Emo Philips','M'),
(373241,'Jonathan Phillips','M'),
(373998,'Bill Pickle','M'),
(374730,'Gary Pike','M'),
(374784,'Joseph Pilato','M'),
(375500,'Mark Pinter','M'),
(376249,'Brad Pitt','M'),
(376350,'Greg Pitts','M'),
(376648,'Tony Plana','M'),
(378220,'Antonio Polk','M'),
(378277,'Kevin Pollak','M'),
(378476,'Alan Polonsky','M'),
(378578,'Stevo Polyi','M'),
(378974,'J.T. Pontino','M'),
(379198,'Manley Pope Jr.','M'),
(380135,'Justin Possenti','M'),
(380938,'Marcus Powell','M'),
(381097,'David F. Powers','M'),
(381107,'Francis Gary Powers','M'),
(381992,'Harve Presnell','M'),
(382123,'J.A. Preston','M'),
(382324,'Steve F. Price Jr.','M'),
(383394,'Ray Proscia','M'),
(383529,'David Proval','M'),
(383596,'David Prowse','M'),
(384513,'John Pungitore','M'),
(384778,'Jack Purvis','M'),
(384898,'Duncan Putney','M'),
(385452,'Miguel Pérez','M'),
(385663,'Shaobo Qin','M'),
(385911,'Van Quattro','M'),
(386627,'Luke Quinton','M'),
(387921,'Joseph Ragno','M'),
(388301,'David Raiport','M'),
(388511,'Cliff Rakerd','M'),
(388899,'Anthony Ramirez','M'),
(389753,'Chad Randau','M'),
(390093,'Steve Rankin','M'),
(390454,'Jim Raqelin','M'),
(390972,'A. Ray Ratliff','M'),
(392562,'Ray Redd','M'),
(392613,'Brian Reddy','M'),
(392666,'H.E.D. Redford','M'),
(392786,'Markus Redmond','M'),
(393119,'Richard Reed','M'),
(393147,'Steve Reed','M'),
(393411,'Keanu Reeves','M'),
(393449,'Steve Reevis','M'),
(393971,'Mike Reid','M'),
(394020,'Rob Reider','M'),
(394261,'Carl Reiner','M'),
(394283,'Tracy Reiner','M'),
(394516,'Paul Reiser','M'),
(394821,'Calvin Remsberg','M'),
(394992,'Victor Rendina','M'),
(395021,'John Reneau','M'),
(395093,'Chris Renna','M'),
(395132,'Callum Keith Rennie','M'),
(395522,'Joe Restivo','M'),
(396079,'Rupert Reyes','M'),
(396528,'Ving Rhames','M'),
(396814,'Ralph Riach','M'),
(397039,'Giovanni Ribisi','M'),
(397623,'Bill Richards','M'),
(397635,'Burt Richards','M'),
(397770,'Michael Richards','M'),
(397809,'Sal Richards','M'),
(398679,'Frank Ridley','M'),
(398789,'Peter Riegert','M'),
(398802,'Richard Riehle','M'),
(398869,'Armando Riesco','M'),
(398943,'Ron Rifkin','M'),
(398944,'Steve Rifkin','M'),
(399230,'Gary Riley','M'),
(399367,'Shane Rimmer','M'),
(400031,'Guy Ritchie','M'),
(400164,'James Ritz','M'),
(400872,'Linus Roache','M'),
(401104,'Tim Robbins','M'),
(401895,'George R. Robertson','M'),
(402212,'Chris Robinson','M'),
(402340,'James Robinson','M'),
(402481,'Raymone Robinson','M'),
(402498,'Robby Robinson','M'),
(402568,'Troy Robinson','M'),
(402708,'John Robotham','M'),
(402830,'Alex Rocco','M'),
(403151,'Nelson Rockefeller','M'),
(403180,'David Rockit Hynes','M'),
(403345,'Kevin Roden','M'),
(403501,'Alex Rodine','M'),
(404379,'David C. Roehm Sr.','M'),
(405572,'Mark Rolston','M'),
(406571,'Michael Rooker','M'),
(406711,'Stephen Root','M'),
(406907,'Thomas Rosales Jr.','M'),
(406968,'José Ramón Rosario','M'),
(406971,'Marcio Rosario','M'),
(407154,'Jim Rose','M'),
(407308,'Johnny Roselli','M'),
(407465,'Arthur Rosenberg','M'),
(407892,'Tom Rosqui','M'),
(408215,'Ricco Ross','M'),
(408902,'Tim Roth','M'),
(409131,'George Roubicek','M'),
(409474,'Jimmy Roussounis','M'),
(409790,'Oscar Rowland','M'),
(410850,'Roman Rudenko','M'),
(411006,'Reed Rudy','M'),
(411200,'Steve Ruge','M'),
(412221,'Kurt Russell','M'),
(412279,'Richard Russell','M'),
(412398,'Gianni Russo','M'),
(412451,'Perry R. Russo','M'),
(412573,'Robert Ruth','M'),
(412682,'Richard Rutowski','M'),
(413114,'Will Ryan','M'),
(414502,'Robin Sachs','M'),
(414705,'William Sadler','M'),
(414913,'Dr. Anatoly M. Sagalevitch','M'),
(415630,'Yumika Saki','M'),
(415674,'Matthew Saks','M'),
(416655,'Tony Salome','M'),
(418173,'Jay O. Sanders','M'),
(418701,'Jonathan Sanger','M'),
(420051,'Oren Sarch','M'),
(420479,'Peter Sarsgaard','M'),
(420990,'Sakichi Satô','M'),
(421660,'Joe Savino','M'),
(422368,'Jeffrey Scaperrotta','M'),
(422784,'Steven . Schafer','M'),
(424672,'Peter Schmitz','M'),
(425137,'Leslie Schofield','M'),
(425670,'Fred Schruers','M'),
(425938,'Armand Schultz','M'),
(426251,'Tom Schuster','M'),
(426293,'Laurent Schwaar','M'),
(426450,'Jon Schwartz','M'),
(426461,'Lloyd Schwartz','M'),
(426496,'Scott L. Schwartz','M'),
(426649,'Kurt Schweickhardt','M'),
(427337,'Chris Scott','M'),
(427695,'Nathan Scott','M'),
(427835,'Timothy Scott','M'),
(427898,'William Scott-Masson','M'),
(427924,'Vito Scotti','M'),
(429205,'Ray Seiden','M'),
(429374,'John Seitz','M'),
(429501,'Haile Selassie','M'),
(430428,'Arthur Senzy','M'),
(430641,'Rade Serbedzija','M'),
(431679,'Brent Sexton','M'),
(431701,'Merlyn Sexton','M'),
(432677,'Michael V Shannon','M'),
(433068,'Duane Sharp','M'),
(433731,'Patrick Shea','M'),
(433904,'Martin Sheen','M'),
(434249,'Kent Shelton','M'),
(434338,'Ben Shenkman','M'),
(434562,'Sy Sher','M'),
(435124,'Kazuko Shibata','M'),
(435165,'Andrew Shield','M'),
(435264,'Osamu Shigematu','M'),
(435415,'Tetsuro Shimaguchi','M'),
(435526,'Asuka Shimuzu','M'),
(436214,'Gary Shorelle','M'),
(436258,'John Short','M'),
(436358,'David M. Shoup','M'),
(438105,'Gregory Silva','M'),
(438109,'Henry Silva','M'),
(438134,'Jorge Silva','M'),
(438265,'Trinidad Silva','M'),
(439346,'Fred Simonds','M'),
(439574,'Robert Simper','M'),
(440072,'Jeremy Sinden','M'),
(440526,'Gary Sinise','M'),
(441022,'Emil Sitka','M'),
(441120,'Frank Sivero','M'),
(441300,'Curt Skaggs','M'),
(441304,'Jimmie F. Skaggs','M'),
(441312,'Bix Skahill','M'),
(441610,'Michael Skipper','M'),
(442103,'Max Elliott Slade','M'),
(442667,'Joey Slotnick','M'),
(443171,'Eddie Bo Smith Jr.','M'),
(443594,'David Lee Smith','M'),
(443599,'Dean Smith','M'),
(444015,'Jim Smith','M'),
(444634,'Simon J. Smith','M'),
(444656,'Stephen Wolfe Smith','M'),
(445127,'Tim Snay','M'),
(445208,'Roy Snell','M'),
(445292,'Ed Snodderly','M'),
(445758,'Steven Soderbergh','M'),
(445788,'Ronn Soeda','M'),
(447116,'David Sontag','M'),
(447119,'Larry Sontag','M'),
(447419,'Aaron Sorkin','M'),
(447813,'Michael Sottile','M'),
(448453,'Timothy Spall','M'),
(448529,'Joe Spano','M'),
(449070,'Brad Spencer','M'),
(449381,'Alvin Spicuzza','M'),
(449430,'Steven Spielberg','M'),
(449574,'Joe Spinell','M'),
(450598,'John St. Paul','M'),
(451797,'Joe Stapleton','M'),
(452242,'Jason Statham','M'),
(452549,'Trevor Steedman','M'),
(452722,'Richard Steele','M'),
(452774,'David Steen','M'),
(452838,'Burr Steers','M'),
(453151,'Ben Stein','M'),
(453751,'Gregory Stenson','M'),
(453799,'Yuri Stepanov','M'),
(453895,'Cliff Stephens','M'),
(454061,'Robert J. Stephenson','M'),
(454105,'Jodiviah Stepp','M'),
(454171,'Andrei Sterling','M'),
(454860,'Adlai Stevenson','M'),
(454993,'Emanuel Steward','M'),
(455151,'Ewan Stewart','M'),
(455851,'George Stock','M'),
(456190,'Murray Stokes','M'),
(456302,'Christian Stolte','M'),
(456313,'Eric Stoltz','M'),
(456609,'Sean Stone','M'),
(456655,'Sam Stoneburner','M'),
(456885,'Peter Stormare','M'),
(457189,'David Strahlberg','M'),
(457215,'Roy Straite','M'),
(457224,'Mark Straker','M'),
(457325,'Mark Strange','M'),
(458852,'Peter Sturgeon','M'),
(459441,'Shun Sugata','M'),
(460006,'Darius A. Sultan','M'),
(460144,'John E. Summers','M'),
(460159,'Neil Summers','M'),
(460215,'Peter Sumner','M'),
(460895,'Donald Sutherland','M'),
(460917,'Kiefer Sutherland','M'),
(461413,'Bo Svenson','M'),
(462470,'John Sylla','M'),
(462473,'Tom Sylla','M'),
(462628,'The Great John Sypolt','M'),
(462782,'Peter Szakacs','M'),
(462918,'Béla Szedlák','M'),
(462919,'Ferenc Szedlák','M'),
(464470,'Gary Taggart','M'),
(464554,'John Taheny','M'),
(464555,'Michael Taheny','M'),
(464800,'kuko Takahashi','M'),
(464802,'ssei Takahashi','M'),
(464989,'Noguchi Takayuki','M'),
(465155,'Kei Takyo','M'),
(465353,'Alan Tall','M'),
(465884,'Koichi Tanaka','M'),
(465932,'Yoji Tanaka','M'),
(466074,'Tony Tang','M'),
(466585,'Quentin Tarantino','M'),
(467346,'Anthony Taurasi','M'),
(467518,'David Tawil','M'),
(468060,'Maxwell Taylor','M'),
(468102,'Noah Taylor','M'),
(468167,'Robert V Taylor','M'),
(468177,'Rocky Taylor','M'),
(469043,'Michael Telmont','M'),
(469664,'Leonard Termo','M'),
(470693,'Mick Theo','M'),
(471342,'David Jean Thomas','M'),
(471769,'Rohn Thomas','M'),
(471961,'Reece P. Thompson ','M'),
(472335,'Mel Thompson','M'),
(472651,'Cameron Thor','M'),
(472909,'Bill Thorpe','M'),
(473634,'Lawrence Tierney','M'),
(473636,'Malcolm Tierney','M'),
(473853,'Andy Till','M'),
(474363,'Wayne Tippet','M'),
(474368,'Phil Tippett','M'),
(474375,'Tip Tipping','M'),
(474386,'Ken Tipton','M'),
(474882,'Stephen Tobolowsky','M'),
(474929,'Lee Tockar','M'),
(474979,'Bryan Todd','M'),
(475069,'Yann Toderi','M'),
(475243,'Jonathan Togo','M'),
(476429,'Carl Toop','M'),
(476507,'Velibor Topic','M'),
(476935,'Gabriele Torrei','M'),
(477860,'Cy Town','M'),
(478676,'John Travolta','M'),
(480062,'R. Gern Trowbridge','M'),
(480247,'Mark Rafael Truitt','M'),
(481290,'Burnell Tucker','M'),
(481376,'Paul V Tucker','M'),
(481628,'Henry Tull ','M'),
(481747,'Tom Tumminello','M'),
(481840,'Liam Tuohy','M'),
(482416,'Rich Turner','M'),
(482608,'John Turturro','M'),
(482854,'Stephen Twigger','M'),
(483095,'Charles Tyner','M'),
(484554,'Morgan Upton','M'),
(484826,'Vern Urich','M'),
(484994,'Saro Urzì','M'),
(486314,'David Valenza','M'),
(488059,'Brian Van Kay','M'),
(488446,'Robin Van Sharner','M'),
(489206,'Rupert Vansittart','M'),
(489225,'Ed Vantura','M'),
(490334,'Ned Vaughn','M'),
(492299,'Conrad Vernon','M'),
(492316,'John Vernon','M'),
(493025,'Eric A. Vicini','M'),
(493665,'Jean-Paul Vignon','M'),
(493680,'Abe Vigoda','M'),
(494565,'Pruitt Taylor Vince','M'),
(495184,'Buzz Visconti','M'),
(495778,'Matthew Vlahakis','M'),
(496062,'David Vogt','M'),
(496490,'Daniel von Bargen','M'),
(496708,'Martin von Haselberg','M'),
(496736,'Walter von Huene','M'),
(496762,'Ronald von Klaussen','M'),
(497962,'Francisco Váldez','M'),
(498433,'Henry M. Wade','M'),
(498580,'Rowland Wafford','M'),
(498933,'Robert Wahlberg','M'),
(499298,'John Walcutt','M'),
(499566,'Christopher Walken','M'),
(499967,'Stephen Eugene Walker','M'),
(500302,'Ryan Wallace','M'),
(500331,'Eli Wallach','M'),
(500661,'Bobby Walsh','M'),
(500666,'Brian Walsh','M'),
(500731,'J.T. Walsh','M'),
(501054,'Jerry Walters','M'),
(501075,'Mark Edward Walters','M'),
(501285,'Hal Wamsley','M'),
(501947,'Larry Ward','M'),
(501954,'Lyman Ward','M'),
(502063,'Vincent Ward','M'),
(502344,'David Warner','M'),
(502519,'Earl Warren','M'),
(502551,'Jim Warren','M'),
(502910,'Lou B. Washington','M'),
(503070,'Gedde Watanabe','M'),
(503088,'Ken Watanabe','M'),
(503188,'Wilson Waters Jr.','M'),
(503427,'Barry Watson','M'),
(503450,'Cameron Watson','M'),
(504229,'Lee Weaver','M'),
(504272,'Hugo Weaving','M'),
(504861,'Harold Weed','M'),
(505031,'Stephen Wehmeyer','M'),
(505244,'Robert Weil','M'),
(505496,'Jerry Weintraub','M'),
(505511,'Andrew Weir','M'),
(505706,'Jeff Weiss','M'),
(505762,'Robert K. Weiss','M'),
(506000,'Scott Welch','M'),
(506067,'Frank Welker','M'),
(507014,'Don Wescott','M'),
(507232,'Jim West','M'),
(507342,'Shane West','M'),
(507612,'Bill Weston','M'),
(507646,'Michael Weston','M'),
(507810,'Alex Wexo','M'),
(507903,'Frank Whaley','M'),
(508087,'John Wheeler','M'),
(508109,'Mark Wheeler','M'),
(508288,'Duane Whitaker','M'),
(508359,'Adryn White','M'),
(508419,'Buck White','M'),
(508688,'Kenneth White','M'),
(508880,'Stanley White','M'),
(508895,'Tam White','M'),
(509261,'James Whitmore','M'),
(509410,'Gene Whittington','M'),
(509502,'Mal Whyte','M'),
(509689,'James Widdoes','M'),
(510458,'Bates Wilder','M'),
(510575,'Michael Shamus Wiles','M'),
(510918,'Tom Wilkinson','M'),
(511078,'Jhaemi Willens','M'),
(511354,'Chalon Williams','M'),
(511760,'Joe V Williams','M'),
(511867,'Larry X Williams','M'),
(511973,'Mykal Wayne Williams','M'),
(512212,'Steve Spaz Williams','M'),
(512541,'Bruce Willis','M'),
(512626,'Phillip L. Willis','M'),
(512688,'Mark Willms','M'),
(512793,'Paul Willson','M'),
(513645,'Garth Wilton','M'),
(513705,'Brian Wimmer','M'),
(513863,'William Windom','M'),
(514278,'Matt Winston','M'),
(514454,'Scott Winters','M'),
(514908,'Joseph Witt','M'),
(514911,'Louis Steven Witt','M'),
(514922,'Rowan Witt','M'),
(515526,'George C. Wolfe','M'),
(516466,'Fred Wood','M'),
(516641,'Tom Wood','M'),
(516846,'Tom Woodruff Jr.','M'),
(517076,'Randy Woodside','M'),
(517126,'John R. Woodward','M'),
(517132,'Lawrence Woodward','M'),
(517767,'Ben Wright','M'),
(517793,'Bruce Wright','M'),
(518067,'Samuel E. Wright','M'),
(518086,'Steven Wright','M'),
(518563,'Noah Wyle','M'),
(518624,'Nicholas Wyman','M'),
(518701,'Angus G. Wynne ','M'),
(518886,'Malcolm X','M'),
(519486,'Kazuo Yamada','M'),
(519545,'Akira Yamaguchi','M'),
(519687,'Satoshi Yamanaka','M'),
(520090,'Weird Al Yankovic','M'),
(520254,'Derek Yardley','M'),
(521619,'Carl Gabriel Yorke','M'),
(521886,'Bill Young','M'),
(522415,'Jim Youngs','M'),
(522807,'Diamond Yukai','M'),
(522851,'Bernie Yuman','M'),
(524132,'Billy Zane','M'),
(525594,'Zhang Jin Zhan','M'),
(526627,'Donald Zinn','M'),
(529149,'Pamela Abdy','F'),
(530401,'Kelly Adkins','F'),
(533380,'Karen Allen','F'),
(533504,'Sara Allen','F'),
(533710,'Jennifer Allswang','F'),
(534915,'Suzy Amis','F'),
(535586,'Jo Anderson','F'),
(535754,'Sharon Anderson','F'),
(536750,'Jennifer Aniston','F'),
(537264,'Tracey Antosiweicz','F'),
(539150,'Rosanna Arquette','F'),
(540103,'Jennifer Aspen','F'),
(540321,'Nao Asuka','F'),
(541008,'Agnes Aurelio','F'),
(541111,'Julie Austin','F'),
(541435,'Wendy Lee Avon','F'),
(541607,'Debbon Ayer','F'),
(541702,'Rosalind Ayres','F'),
(545489,'Jacquie Barnbrook','F'),
(547122,'Alexandra Bastedo','F'),
(547276,'Bobbie Bates','F'),
(547303,'Kathy Bates','F'),
(547549,'Belinda Bauer','F'),
(547741,'Lisa Baur','F'),
(549030,'Reda Beebe','F'),
(550236,'Judith Belushi-Pisano','F'),
(550248,'Jackie Belvin','F'),
(551171,'Jodi Benson','F'),
(553415,'Joanne Bett','F'),
(553953,'Valerie Bickford','F'),
(554784,'Cecelia Ann Birt','F'),
(555599,'Renee Blaine','F'),
(556691,'Verna Bloom','F'),
(557226,'Petra Boden','F'),
(557743,'Citlati Guadalupe Bojorquez','F'),
(558289,'Eugenie Bondurant','F'),
(558382,'Helena Bonham Carter','F'),
(560216,'Dawn M. Bourn','F'),
(560580,'Sarah Bowles','F'),
(560624,'Melodee Bowman','F'),
(560719,'Alexandra Boyd','F'),
(562444,'Marianna Breland','F'),
(562717,'Fannie Brett','F'),
(563536,'Meghan Broadhead','F'),
(563537,'Mimi Broadhead','F'),
(564927,'Tamara Brown','F'),
(565166,'Carol Bruce','F'),
(566874,'Janice Burchette','F'),
(567368,'Olivia Burnette','F'),
(568474,'Carolyn Byrne','F'),
(569014,'Christina Cabot','F'),
(570022,'Mhairi Calvey','F'),
(570616,'Kimberly Campbell','F'),
(572783,'Andi Carnick','F'),
(572929,'Julia Carothers Hughes','F'),
(573523,'Pat Carroll','F'),
(573952,'Nancy Cartwright','F'),
(574986,'Diana Castle','F'),
(575732,'Laura Cayouette','F'),
(575999,'Suzanne Celeste','F'),
(578075,'Charlotte Chatton','F'),
(578128,'Violette Chauveau','F'),
(578188,'Mykel Chaves','F'),
(583108,'Gilda Cohen','F'),
(583693,'Barbara Coles','F'),
(583735,'Valerie Colgan','F'),
(584127,'Nikki Collins','F'),
(584158,'Teena Collins','F'),
(584471,'Holly Marie Combs','F'),
(584867,'Nellie Connally','F'),
(585548,'Mary Kay Cook','F'),
(586071,'Sofia Coppola','F'),
(588021,'Evelyn Cox','F'),
(588101,'Suzanne Cox','F'),
(589148,'Gail Cronauer','F'),
(589158,'Christie Cronenweth','F'),
(589358,'Caroline Crosthwaite-Eyre','F'),
(589421,'Alice Marie Crowe','F'),
(589427,'Cindy Crowe','F'),
(589608,'Lucia Cruz Marroquin','F'),
(589713,'Penélope Cruz','F'),
(590235,'Wilma Jeanne Cummins','F'),
(590723,'Sorcha Cusack','F'),
(591697,'Monica M. Da Silva','F'),
(592087,'Yû Daiki','F'),
(593617,'Jennifer Darling','F'),
(594265,'Lolita Davidovich','F'),
(594542,'Allison Pratt Davis','F'),
(595015,'Tori Davis','F'),
(595613,'Maria De Aragon','F'),
(596318,'Holly De Jong','F'),
(596738,'Maria de Lourdes Lombera','F'),
(596862,'Maria de Medeiros','F'),
(597426,'Ruth de Sosa','F'),
(599020,'Maria Del Rosario Gutiérrez','F'),
(600416,'Katherine Denning','F'),
(600417,'Natalie Denning','F'),
(602370,'Cameron Diaz','F'),
(602511,'Kim Dickens','F'),
(602559,'Angie Dickinson','F'),
(602571,'Misty Dickinson','F'),
(604807,'Julie Donatt','F'),
(605730,'Diana Douglas','F'),
(605742,'lleana Douglas','F'),
(605924,'Ann Dowd','F'),
(606081,'Dierdre Downing-Jackson','F'),
(606539,'Fran Drescher','F'),
(606682,'Julie Dreyfus','F'),
(607053,'Celine du Tertre','F'),
(608339,'Kathleen S. Dunn','F'),
(610382,'Sadie Eddon','F'),
(610800,'Paddi Edwards','F'),
(612605,'Jennifer Jane Emerson','F'),
(613134,'Sherry Engstrom','F'),
(613315,'Jeannie Epper','F'),
(613378,'Kathryn Erbe','F'),
(616010,'Kim Falkinburg','F'),
(616252,'Carol Farabee','F'),
(616440,'Anna Faris','F'),
(616663,'Gail Farrell','F'),
(617939,'Amy Ferguson','F'),
(620283,'Carrie Fisher','F'),
(620301,'Frances Fisher','F'),
(621016,'Anne Fletcher','F'),
(621159,'Jill Flint','F'),
(621259,'Carol Florence','F'),
(621545,'Catherine Flye','F'),
(623010,'Gloria Foster','F'),
(623022,'Janine Foster','F'),
(623436,'Jorja Fox','F'),
(623457,'Lauren Fox','F'),
(623535,'Vivica A. Fox','F'),
(624510,'Laura Fraser','F'),
(624531,'Shelagh Fraser','F'),
(624888,'Kathleen Freeman','F'),
(625635,'Roxie M. Frnka','F'),
(626150,'Sachiko Fujii','F'),
(626225,'Ronnie Yoshiko Fujiyama','F'),
(627035,'Elisa Gabrielli','F'),
(627384,'Amy Gaipa','F'),
(627711,'Lori Galinski','F'),
(627760,'Bronagh Gallagher','F'),
(629712,'Aimee Amanda Garten','F'),
(629713,'Jo Lynn Garten','F'),
(629755,'Kathy Garver','F'),
(631024,'Kim Genell','F'),
(631318,'Barbara George-Reiss','F'),
(633197,'Jennifer Gimenez','F'),
(635153,'Jenette Goldstein','F'),
(636253,'Elizabeth Gorcey','F'),
(636304,'Barbara Gordon','F'),
(636338,'Denni Gordon','F'),
(636385,'Joanne Gordon','F'),
(636657,'Eydie Gormé','F'),
(637412,'Melissa Renee Graehl','F'),
(638626,'Ari Graynor','F'),
(639326,'Julie Gregg','F'),
(639416,'Mary Ethel Gregory','F'),
(639873,'Jennifer Griffin','F'),
(639885,'Kathy Griffin','F'),
(640057,'Susan Griffiths','F'),
(640482,'Stacy Grooman','F'),
(645491,'Rachel Hammond','F'),
(645886,'Perla Haney-Jardine','F'),
(645969,'Maureen Hanley','F'),
(646020,'Daryl Hannah','F'),
(646604,'April Hardcastle','F'),
(646623,'Marcia Gay Harden','F'),
(646850,'Kristina Hare','F'),
(647023,'Shalom Harlow','F'),
(647469,'Harriet Sansom Harris','F'),
(648036,'Oona Hart','F'),
(648040,'Pamela Hart','F'),
(651551,'Carrie Henn','F'),
(652012,'Julie A. Herbert','F'),
(653075,'Christine Hewitt','F'),
(653279,'Andie Hicks','F'),
(653798,'Jeanne Hill','F'),
(653997,'Colette Hiller','F'),
(654019,'Brenda Hillhouse','F'),
(654457,'Toshikawa Hiromi','F'),
(655124,'Jackie Hoffman','F'),
(655444,'Sarah Holcomb','F'),
(656018,'Katie Holmes','F'),
(657456,'Jayne Houdyshell','F'),
(657704,'Bryce Dallas Howard','F'),
(657711,'Cheryl Howard','F'),
(657762,'Jean Speegle Howard','F'),
(658546,'Janet Huege','F'),
(659281,'Samantha Hunt','F'),
(659368,'Holly Hunter','F'),
(659888,'Michelle Hutchison','F'),
(661430,'Elizabeth nglis','F'),
(661973,'Susan saacs','F'),
(663169,'Victoria Jackson','F'),
(665419,'Jane Jenkins','F'),
(665680,'Kim Jensen','F'),
(666662,'Scarlett Johansson','F'),
(666956,'Fiona Johnson','F'),
(667101,'Lady Bird Johnson','F'),
(667210,'Nancy Johnson','F'),
(667323,'Sunny Johnson','F'),
(667689,'Angela Jones','F'),
(667702,'Annette Jones','F'),
(668050,'Linda Jones','F'),
(669471,'Aseneth Jurgenson','F'),
(672860,'Hiroko Kawasaki','F'),
(673070,'Linda Kaye','F'),
(673153,'Yuki Kazamatsuri','F'),
(673351,'Diane Keaton','F'),
(673358,'Caitlin Keats','F'),
(673856,'Susan Kellerman','F'),
(673865,'Ambrosia Kelley','F'),
(673878,'Jennifer Marie Kelley','F'),
(674597,'Caroline Kennedy','F'),
(674622,'Ethel Kennedy','F'),
(674641,'Jacqueline Kennedy','F'),
(674719,'Rose Kennedy','F'),
(675117,'Linda Kerns','F'),
(676314,'Helen V Kim','F'),
(677015,'Morgana King','F'),
(677526,'Sally Kirkland','F'),
(678541,'Rebecca Klingler','F'),
(678980,'Keira Knightley','F'),
(679813,'Larissa Kokernot','F'),
(683457,'Wynter Kullman','F'),
(683804,'Chiaki Kuriyama','F'),
(683913,'Melissa Kurtz','F'),
(683916,'Tiffany L. Kurtz','F'),
(685558,'Trisha LaFache','F'),
(686422,'Catherine Lambert','F'),
(687048,'Laramie Landis','F'),
(687554,'Sue Ane Langdon','F'),
(688004,'Kristyn Mae-Anne Lao','F'),
(688902,'Laurie Latham','F'),
(689407,'Priscilla Lauris','F'),
(691133,'Michelle Suzanne LeDoux','F'),
(694110,'Lorelei Leslie','F'),
(695024,'Lisa Lewis','F'),
(695231,'Lori Lezama','F'),
(696026,'Bev Lillywhite','F'),
(696908,'Jeannie Linero','F'),
(697055,'Laura Linney','F'),
(697536,'Michele Little','F'),
(697645,'Lucy Liu','F'),
(697788,'Tere Livrano','F'),
(698011,'Emily Ann Lloyd','F'),
(698334,'Anne Lockhart','F'),
(698339,'Emma Lockhart','F'),
(699052,'Amy Long','F'),
(700526,'Laura Lovelace','F'),
(700551,'Marilyn Lovell','F'),
(701044,'Vicki Lucai','F'),
(703930,'Linda MacEwen','F'),
(704920,'Ai Maeda','F'),
(706956,'Julie Manase','F'),
(708289,'Sophie Marceau','F'),
(709207,'Louisa Marie','F'),
(709341,'Jeanne Marine','F'),
(709423,'Mandana Marino','F'),
(710722,'Lynne Marta','F'),
(711095,'Karen Martin','F'),
(711529,'Veronica Janet Martinez','F'),
(712086,'Karen Maruyama','F'),
(712567,'Maria Mason','F'),
(713211,'Debbie Mathieu','F'),
(713832,'Lee Anne Matusek','F'),
(715266,'Frances Lee McCain','F'),
(715637,'Belinda McClory','F'),
(715702,'Edie McClurg','F'),
(715823,'Catherine McCormack','F'),
(716049,'Carolina McCullough','F'),
(716350,'Frances McDormand','F'),
(716403,'Ellen McElduff','F'),
(716414,'Erin McElmurry','F'),
(716748,'Mickie McGowan','F'),
(716989,'Kinna Mcnroe','F'),
(718945,'Karen Meisinger','F'),
(720001,'Yvette Mercedes','F'),
(720751,'Laurie Metcalf','F'),
(720752,'Mycole Metcalf','F'),
(721048,'Amy Meyers','F'),
(722460,'vana Milicevic','F'),
(722775,'Helen Miller','F'),
(722891,'Lindsey Miller','F'),
(724348,'Delaina Mitchell','F'),
(724571,'Rhona Mitra','F'),
(726124,'Akiko Monou','F'),
(727211,'Demi Moore','F'),
(727540,'Stephanie L. Moore','F'),
(727611,'Mary Moorman','F'),
(728576,'Diana Morgan','F'),
(728638,'Julie H. Morgan','F'),
(729237,'E.J. Morris','F'),
(729434,'Jennifer Morrison','F'),
(729677,'Mandy Morton','F'),
(729933,'Carrie-Anne Moss','F'),
(730692,'Marianne Muellerleile','F'),
(736051,'Lulie Newcomb','F'),
(736852,'Ada Nicodemou','F'),
(737212,'Diane Nieman','F'),
(737316,'Espher Lao Nieves','F'),
(737979,'Pat Nixon','F'),
(739926,'Sally Nystuen','F'),
(740170,'Ellen OBrien','F'),
(740739,'Jenny OHara','F'),
(741046,'Tricia ONeil','F'),
(742493,'Celeste Oliva','F'),
(744930,'Camilla Overbye Roos','F'),
(745079,'Alexandrea Owens','F'),
(745520,'Sonia Angelica Padilla Curiel','F'),
(747988,'Sarah Jessica Parker','F'),
(748340,'Alibe Parsons','F'),
(750910,'Janaya Pender','F'),
(750989,'Cheryl Penland','F'),
(751680,'Pat Perkins','F'),
(752426,'Melissa Peterman','F'),
(756056,'Amanda Plummer','F'),
(757495,'Catherine Porter','F'),
(757618,'Natalie Portman','F'),
(758314,'Beata Pozniak','F'),
(758543,'Jane Pratt','F'),
(758870,'Judy Prestininzi','F'),
(761130,'Kathleen Quinlan','F'),
(761233,'Ana Maria Quintana','F'),
(762207,'Georgia Rae Rainer','F'),
(763064,'Mary Randle','F'),
(763718,'Lisa Ratzin','F'),
(763862,'Elsa Raven','F'),
(764135,'Patty Raya','F'),
(764159,'Holly Raye','F'),
(765589,'Marcia Reider','F'),
(766230,'Julene Renee','F'),
(770193,'Eliza Roberts','F'),
(770247,'Julia Roberts','F'),
(770448,'Kimmy Robertson','F'),
(770558,'Laila Robins','F'),
(773613,'Margot Rose','F'),
(773636,'Pam Rose','F'),
(773658,'Rochelle Rose','F'),
(773694,'Thea Rose','F'),
(774281,'Soara-Joy Ross','F'),
(774501,'Emmy Rossum','F'),
(775939,'Kristin Rudrüd','F'),
(776683,'Lucy Russell','F'),
(776772,'Zabeth Russell','F'),
(777168,'Jeri Ryan','F'),
(778957,'Graciela Salazar Mendoza','F'),
(780070,'W. Lauren Sanchez','F'),
(782153,'Ani Sava','F'),
(783303,'Mary Kate Schellhardt','F'),
(784772,'Julia Schuler','F'),
(785581,'Cynthia Dale Scott','F'),
(785702,'Kelli Scott','F'),
(786291,'Sydney Sedin','F'),
(789381,'Natalie Shedd','F'),
(789764,'Jessica Shepherd','F'),
(789840,'Stacey Sher','F'),
(789872,'Ardell Sheridan','F'),
(790575,'Talia Shire','F'),
(790698,'Pam Shoaib','F'),
(790699,'Samia Shoaib','F'),
(791001,'Elisabeth Shue','F'),
(791422,'Jessica Siemens','F'),
(791868,'Patricia Silva','F'),
(791930,'Dorothy Silver','F'),
(792242,'Erica Simmons','F'),
(793000,'Lori Singer','F'),
(793011,'Rachel Singer','F'),
(794261,'Claire Slemmer','F'),
(794547,'Jean Smart','F'),
(795270,'Martha Smith','F'),
(795587,'Claire Smithies','F'),
(795871,'Dana Snyder','F'),
(797458,'Lisa Soule','F'),
(797667,'Sissy Spacek','F'),
(797706,'Filomena Spagnuolo','F'),
(799247,'Angela Staines','F'),
(799913,'Carly Starr Brullo Niles','F'),
(800471,'Simonetta Stefanelli','F'),
(800486,'Lisa R. Stefanic','F'),
(800701,'Shana Stein','F'),
(800785,'Nancy Steiner','F'),
(801698,'Gerda Stevenson','F'),
(801975,'Sara Stewart','F'),
(802317,'Rose Stockton','F'),
(803695,'Maria Strova','F'),
(803705,'Ann Strub','F'),
(803742,'Lusia Strus','F'),
(803835,'Gloria Stuart','F'),
(806043,'Julia Sweeney','F'),
(806256,'Tilda Swinton','F'),
(807955,'Akiko Takeshita','F'),
(809136,'Mia Tate','F'),
(809383,'Nicole Taylor Hart','F'),
(809465,'Christy Taylor','F'),
(809607,'Joann Taylor','F'),
(812803,'Billie Lee Thrash','F'),
(812916,'Uma Thurman','F'),
(813694,'Natalie Tjen','F'),
(816230,'Carmen Trevino','F'),
(816897,'Kelly Trznadel','F'),
(817238,'Shu Lan Tuan','F'),
(818984,'Terri Gay Ulmer','F'),
(819723,'Karen Vaccaro','F'),
(820312,'Venessia Valentino','F'),
(821935,'Musetta Vander','F'),
(821956,'Victoria Vanderkloot','F'),
(822281,'Rosario Varela','F'),
(824687,'Helen Vick','F'),
(826110,'Sylvia Vitrungs','F'),
(827985,'Alison Waddell','F'),
(827986,'Amber Waddell','F'),
(828034,'Linda Flores Wade','F'),
(828197,'Lori Wagner','F'),
(828431,'Linda Wakeman','F'),
(828984,'Cornell Wallace','F'),
(831121,'Diana Sadley Way','F'),
(831289,'Sigourney Weaver','F'),
(831862,'Liza Weil','F'),
(832250,'Gillian Welch','F'),
(832340,'Mary Louise Weller','F'),
(832753,'Alexandra Wentworth','F'),
(833636,'Jillian Wheeler','F'),
(833865,'Cheryl White','F'),
(834126,'Sharon White','F'),
(834815,'Dianne Wiest','F'),
(835184,'Laurel Wiley','F'),
(835271,'Lisle Wilkerson','F'),
(835392,'Christie Will','F'),
(835808,'Kris Williams','F'),
(835893,'Meadow Williams','F'),
(836217,'Rosemary Willis','F'),
(836222,'Susan Willis','F'),
(836889,'Maud Winchester','F'),
(837049,'Sally Wingert','F'),
(837199,'Kate Winslet','F'),
(837678,'Alicia Witt','F'),
(837687,'Elenor Witt','F'),
(837895,'Danielle Wolf','F'),
(839275,'Carolyn T. Wright','F'),
(840317,'Yoshiko Yamaguchi','F'),
(841405,'Hyowon K. Yoo','F)'),
(850000,'Billy Dee Williams','M'),
(850001,'Sebastian Shaw','M'),
(850002,'Ian McDiarmid','M'),
(850003,'Frank Oz','M'),
(850004,'Michael Pennington','M'),
(850005,'Kenneth Colley','M'),
(850006,'Michael Carter','M'),
(850007,'Tim Rose','M'),
(850008,'Dermot Crowley','M'),
(850009,'Caroline Blakiston','M'),
(850010,'Warwick Davis','M'),
(850011,'Jeremy Bulloch','M'),
(850012,'Femi Taylor','M'),
(850013,'Annie Arbogast','M'),
(850014,'Claire Davenport','M'),
(850015,'Mike Edmonds','M'),
(850016,'Jane Busby','M'),
(850017,'Malcolm Dixon','M'),
(850018,'Mike Cottrell','M'),
(850019,'Nicki Reade','M'),
(850020,'Adam Bareham','M'),
(850021,'Jonathan Oliver','M'),
(850022,'Pip Miller','M'),
(850023,'Tom Mannion','M'),
(850024,'Margo Apostolos','M'),
(850025,'Ray Armstrong','M'),
(850026,'Eileen Baker','M'),
(850027,'Michael Henbury Ballan','M'),
(850028,'Bobby Bell','M'),
(850029,'Patty Bell','M'),
(850030,'Alan Bennett','M'),
(850031,'Sarah Bennett','M'),
(850032,'Pamela Betts','M'),
(850033,'Danny Blackner','M'),
(850034,'Linda Bowley','M'),
(850035,'Peter Burroughs','M'),
(850036,'Debbie Lee Carrington','M'),
(850037,'Maureen Charlton','M'),
(850038,'Willie Coppen','M'),
(850039,'Sadie Corre','M'),
(850040,'Tony Cox','M'),
(850041,'John Cumming','M'),
(850042,'Jean DAgostino','M'),
(850043,'Luis De Jesus','M'),
(850044,'Debbie Dixon','M'),
(850045,'Margarita Fernández','M'),
(850046,'Phil Fondacaro','M'),
(850047,'Sal Fondacaro','M'),
(850048,'Tony Friel','M'),
(850049,'Daniel Frishman','M'),
(850050,'John Ghavan','M'),
(850051,'Paul Grant','M'),
(850052,'Lydia Green','M'),
(850053,'Lars Green','M'),
(850054,'Pam Grizz','M'),
(850055,'Andrew Herd','M'),
(850056,'J.J. Jackson','M'),
(850057,'Richard Jones','M'),
(850058,'Trevor Jones','M'),
(850059,'Glynn Jones','M'),
(850060,'Karen Lay','M'),
(850061,'John Lummiss','M'),
(850062,'Nancy Maclean','M'),
(850063,'Peter Mandell','M'),
(850064,'Carole Morris','M'),
(850065,'Stacie Nichols','M'),
(850066,'Chris Nunn','M'),
(850067,'Barbara OLaughlin','M'),
(850068,'Brian Orenstein','M'),
(850069,'Harrell Parker Jr.','M'),
(850070,'John Pedrick','M'),
(850071,'April Perkins','M'),
(850072,'Ronnie Phillips','M'),
(850073,'Katie Purvis','M'),
(850074,'Carol Read','M'),
(850075,'Nicholas Read','M'),
(850076,'Diana Reynolds','M'),
(850077,'Daniel Rodgers','M'),
(850078,'Chris Romano','M'),
(850079,'Dean Shackelford','M'),
(850080,'Kiran Shah','M'),
(850081,'Felix Silla','M'),
(850082,'Linda Spriggs','M'),
(850083,'Gerald Staddon','M'),
(850084,'Josephine Staddon','M'),
(850085,'Kevin Thompson','M'),
(850086,'Kendra Wall','M'),
(850087,'Brian Wheeler','M'),
(850088,'Butch Wilhelm','M'),
(850089,'Dalyn Chew','M'),
(850090,'Celia Fushille-Burke','M'),
(850091,'Mercedes Ngoh','M'),
(850092,'Jennifer Jaffe','M');
/*!40000 ALTER TABLE `actors` ENABLE KEYS */;
UNLOCK TABLES;




--
-- Table structure for table `movies`
--

DROP TABLE IF EXISTS `movies`;
CREATE TABLE `movies` (
  `id` int(11) NOT NULL default '0',
  `title` varchar(100) default NULL,
  `year` int(11) default NULL,
  `genre` varchar(100) default NULL,
  PRIMARY KEY  (`id`)
) ENGINE=MyISAM DEFAULT CHARSET=utf8;

--
-- Dumping data for table `movies`
--

LOCK TABLES `movies` WRITE;
/*!40000 ALTER TABLE `movies` DISABLE KEYS */;
INSERT INTO `movies` VALUES (10920,'Aliens',1986,'Sci-Fi'),
(17173,'Animal House',1978,'Action'),
(18979,'Apollo 13',1995,'Thriller'),
(30959,'Batman Begins',2005,'Horror'),
(46169,'Braveheart',1995,'Comedy'),
(109093,'Fargo',1996,'Drama'),
(111813,'Few Good Men, A',1992,'Action'),
(112290,'Fight Club',1999,'Crime'),
(116907,'Footloose',1984,'Fantasy'),
(124110,'Garden State',2004,'Thriller'),
(130128,'Godfather, The',1972,'Adventure'),
(147603,'Hollow Man',2000,'Drama'),
(167324,'JFK',1991,'War'),
(176711,'Kill Bill: Vol. 1',2003,'Action'),
(176712,'Kill Bill: Vol. 2',2004,'Crime'),
(192017,'Little Mermaid, The',1989,'Thriller'),
(194874,'Lost in Translation',2003,'Drama'),
(207992,'Matrix, The',1999,'Drama'),
(210511,'Memento',2000,'Thriller'),
(224842,'Mystic River',2003,'Drama'),
(237431,'O Brother, Where Art Thou?',2000,'Thriller'),
(238072,'Oceans Eleven',2001,'Mystery'),
(238695,'Office Space',1999,'Crime'),
(254943,'Pi',1998,'Drama'),
(256630,'Pirates of the Caribbean',2003,'Family'),
(257264,'Planes, Trains & Automobiles',1987,'Music'),
(267038,'Pulp Fiction',1994,'Drama'),
(276217,'Reservoir Dogs',1992,'Comedy'),
(297838,'Shawshank Redemption, The',1994,'Crime'),
(300229,'Shrek',2001,'Drama'),
(306032,'Snatch.',2000,'Horror'),
(313459,'Star Wars',1977,'Sci-Fi'),
(314965,'Stir of Echoes',1999,'Thriller'),
(333856,'Titanic',1997,'Crime'),
(344203,'UHF',1989,'Drama'),
(350424,'Vanilla Sky',2001,'Mystery'), 
(300270, 'Return of the Jedi', 1983,'Thriller'),
(333777, 'Fake Movie', 2000, NULL) ;
/*!40000 ALTER TABLE `movies` ENABLE KEYS */;
UNLOCK TABLES;


--
-- Table structure for table `cast`
--

DROP TABLE IF EXISTS `cast`;
CREATE TABLE `cast` (
  `actor_id` int(11) default NULL,
  `movie_id` int(11) default NULL,
  `salary` int(11) default NULL,
  KEY `idx_actor_id` (`actor_id`),
  KEY `idx_movie_id` (`movie_id`)
) ENGINE=MyISAM DEFAULT CHARSET=utf8;

--
-- Dumping data for table `cast`
--

LOCK TABLES `cast` WRITE;
/*!40000 ALTER TABLE `cast` DISABLE KEYS */;
INSERT INTO `cast` VALUES (16844,10920,510708),
(36641,10920,86736),
(42278,10920,853936),
(144260,10920,172612),
(204493,10920,432731),
(204719,10920,847073),
(213646,10920,74405),
(240277,10920,235046),
(272557,10920,148803),
(305705,10920,329699),
(306790,10920,172938),
(310030,10920,169),
(366173,10920,942796),
(378476,10920,5312),
(394516,10920,539339),
(405572,10920,424606),
(408215,10920,931799),
(452549,10920,596316),
(474375,10920,470271),
(476429,10920,969821),
(583693,10920,6920),
(583735,10920,586782),
(596318,10920,756445),
(635153,10920,688884),
(651551,10920,578586),
(653997,10920,39978),
(661430,10920,471243),
(748340,10920,575176),
(785581,10920,512737),
(831289,10920,47068),
(22591,17173,618902),
(36005,17173,793774),
(43842,17173,122248),
(49661,17173,184551),
(100257,17173,26),
(107524,17173,812533),
(108006,17173,804795),
(109023,17173,152268),
(130991,17173,289947),
(134737,17173,197458),
(138178,17173,15551),
(145540,17173,975852),
(159310,17173,5760),
(162318,17173,69156),
(184031,17173,873045),
(217663,17173,748154),
(229667,17173,767438),
(244497,17173,600271),
(304920,17173,953104),
(308631,17173,638689),
(310708,17173,115721),
(318099,17173,662375),
(321300,17173,24089),
(398789,17173,459127),
(402481,17173,594644),
(439346,17173,7239),
(460895,17173,125327),
(492316,17173,751427),
(509689,17173,119858),
(533380,17173,199662),
(547741,17173,393028),
(550236,17173,753180),
(556691,17173,128985),
(600416,17173,362920),
(640482,17173,23508),
(655444,17173,644851),
(667323,17173,294300),
(669471,17173,754921),
(689407,17173,30603),
(770193,17173,721729),
(795270,17173,466065),
(824687,17173,567756),
(832340,17173,947398),
(7979,18979,24339),
(9275,18979,150973),
(12508,18979,646550),
(16791,18979,4337),
(22591,18979,90357),
(29686,18979,921809),
(38779,18979,5369),
(39044,18979,528865),
(39860,18979,194748),
(43791,18979,331352),
(45134,18979,5689),
(47366,18979,756943),
(61441,18979,805073),
(78467,18979,301364),
(86167,18979,33540),
(89087,18979,698713),
(93623,18979,111198),
(93916,18979,23951),
(96438,18979,240389),
(100230,18979,473467),
(101230,18979,886016),
(102758,18979,2982),
(102882,18979,370008),
(114899,18979,152295),
(130918,18979,499723),
(132969,18979,380688),
(138258,18979,969934),
(150046,18979,262986),
(178678,18979,858762),
(178682,18979,5517),
(184670,18979,534373),
(185836,18979,845697),
(193682,18979,400861),
(195428,18979,713132),
(197929,18979,871902),
(211741,18979,761678),
(215405,18979,12905),
(215595,18979,979771),
(217405,18979,152218),
(217669,18979,753172),
(227732,18979,41837),
(228435,18979,802610),
(251351,18979,207411),
(280383,18979,171430),
(284829,18979,509980),
(285134,18979,93629),
(297105,18979,697448),
(299436,18979,308281),
(299756,18979,564332),
(304966,18979,50042),
(309010,18979,951032),
(311828,18979,463911),
(312231,18979,1552),
(317829,18979,689703),
(319724,18979,486821),
(320748,18979,641091),
(343502,18979,554604),
(349915,18979,266080),
(366173,18979,761912),
(379198,18979,541596),
(390093,18979,838971),
(394283,18979,673110),
(400164,18979,824646),
(411006,18979,981761),
(411200,18979,287495),
(430428,18979,251081),
(436258,18979,280678),
(440526,18979,504715),
(442103,18979,325123),
(448529,18979,78007),
(490334,18979,17533),
(496736,18979,707293),
(508087,18979,863825),
(508109,18979,310665),
(508688,18979,433884),
(511867,18979,106277),
(516641,18979,24430),
(517793,18979,224386),
(521619,18979,275812),
(602571,18979,881963),
(604807,18979,778384),
(629755,18979,46343),
(645969,18979,556604),
(657704,18979,273120),
(657711,18979,657864),
(657762,18979,633445),
(665419,18979,583163),
(697536,18979,242290),
(698011,18979,734836),
(700551,18979,434787),
(709207,18979,688793),
(711095,18979,74650),
(713832,18979,314290),
(761130,18979,525068),
(764135,18979,608093),
(783303,18979,130098),
(835893,18979,320314),
(6990,30959,768888),
(13553,30959,301110),
(25103,30959,865003),
(44737,30959,534918),
(49922,30959,633921),
(50085,30959,679999),
(51588,30959,748002),
(54814,30959,2019),
(63813,30959,521801),
(68424,30959,607195),
(91695,30959,888017),
(103548,30959,774004),
(126086,30959,357639),
(127881,30959,17773),
(134784,30959,631861),
(135628,30959,919519),
(138351,30959,287276),
(138982,30959,524003),
(154923,30959,957772),
(159346,30959,660572),
(171524,30959,614288),
(178720,30959,626280),
(199843,30959,567732),
(200362,30959,519397),
(209006,30959,908353),
(211557,30959,200062),
(214973,30959,198665),
(215312,30959,480864),
(215331,30959,941327),
(235073,30959,673132),
(241906,30959,724577),
(242968,30959,417821),
(256972,30959,986348),
(272853,30959,905208),
(276920,30959,537572),
(280303,30959,460172),
(298555,30959,42627),
(299076,30959,697750),
(306623,30959,535173),
(310474,30959,587634),
(321731,30959,756423),
(335617,30959,371841),
(335689,30959,523708),
(341480,30959,44524),
(353656,30959,194008),
(400872,30959,884596),
(430641,30959,837796),
(434249,30959,121209),
(457224,30959,492778),
(457325,30959,4368),
(503088,30959,157318),
(510918,30959,167183),
(520254,30959,557738),
(547122,30959,686533),
(636304,30959,793471),
(645491,30959,183),
(656018,30959,800628),
(696026,30959,128465),
(698339,30959,543804),
(757495,30959,227637),
(776683,30959,952839),
(801975,30959,379650),
(16669,46169,744372),
(26409,46169,658046),
(42960,46169,419300),
(66825,46169,935377),
(73950,46169,658493),
(84795,46169,658393),
(84902,46169,670559),
(91835,46169,777604),
(97563,46169,206760),
(99156,46169,521334),
(118247,46169,142439),
(131774,46169,555437),
(152725,46169,33196),
(165472,46169,17422),
(172359,46169,20626),
(172424,46169,333065),
(175268,46169,948543),
(195497,46169,160518),
(214412,46169,60145),
(241342,46169,144736),
(243553,46169,11110),
(244787,46169,748560),
(269196,46169,334834),
(270527,46169,100551),
(283663,46169,51828),
(290341,46169,680630),
(310769,46169,505498),
(310868,46169,782202),
(310883,46169,849518),
(311663,46169,656794),
(313583,46169,180885),
(334370,46169,24350),
(335368,46169,937652),
(335791,46169,746967),
(336279,46169,657229),
(342248,46169,395272),
(347922,46169,141802),
(350069,46169,889526),
(350889,46169,612831),
(351075,46169,726592),
(364719,46169,377417),
(396814,46169,177390),
(402340,46169,575431),
(421660,46169,755096),
(427898,46169,780014),
(465353,46169,573538),
(473636,46169,470143),
(481376,46169,873383),
(489206,46169,446264),
(500302,46169,781221),
(505511,46169,975332),
(508895,46169,753909),
(509502,46169,834425),
(541111,46169,779066),
(553415,46169,8533),
(570022,46169,550172),
(708289,46169,641080),
(709341,46169,709626),
(715823,46169,95405),
(801698,46169,51424),
(11590,109093,582853),
(26018,109093,565010),
(47548,109093,228576),
(48064,109093,749434),
(55108,109093,30456),
(65536,109093,420565),
(70282,109093,432586),
(118548,109093,953263),
(135144,109093,864812),
(143022,109093,873090),
(147343,109093,926790),
(168574,109093,346813),
(215190,109093,722436),
(242845,109093,809222),
(282845,109093,775320),
(288354,109093,605176),
(291564,109093,368915),
(341991,109093,13488),
(358555,109093,399814),
(362717,109093,532743),
(381992,109093,7917),
(388511,109093,313586),
(393449,109093,458171),
(422784,109093,876714),
(424672,109093,414179),
(426649,109093,423465),
(441312,109093,526329),
(456885,109093,34960),
(507014,109093,969820),
(535754,109093,343970),
(557226,109093,53046),
(659888,109093,832901),
(679813,109093,502309),
(691133,109093,436266),
(716350,109093,867505),
(752426,109093,32606),
(775939,109093,303541),
(789764,109093,257912),
(802317,109093,490599),
(837049,109093,711224),
(22591,111813,314152),
(39044,111813,357103),
(47448,111813,518659),
(52913,111813,708458),
(68048,111813,441067),
(78467,111813,793993),
(100044,111813,902016),
(101879,111813,74370),
(117653,111813,365647),
(178761,111813,726179),
(187811,111813,432867),
(224819,111813,656366),
(234067,111813,740868),
(285368,111813,13468),
(294667,111813,100920),
(300701,111813,969170),
(304966,111813,722482),
(335034,111813,586275),
(340538,111813,497297),
(344454,111813,921790),
(357320,111813,275575),
(378277,111813,913446),
(382123,111813,668331),
(415674,111813,988853),
(430428,111813,733839),
(447419,111813,817895),
(460917,111813,847344),
(472651,111813,186001),
(500731,111813,183126),
(507810,111813,132812),
(509410,111813,783935),
(518563,111813,566266),
(727211,111813,269159),
(836889,111813,47816),
(12508,112290,431351),
(17438,112290,283643),
(17946,112290,690421),
(23488,112290,965738),
(33024,112290,792207),
(43967,112290,278714),
(46793,112290,206028),
(52396,112290,818912),
(66495,112290,7485),
(72356,112290,189866),
(86866,112290,836218),
(92815,112290,711268),
(114701,112290,664344),
(117395,112290,868551),
(122803,112290,602198),
(150046,112290,64375),
(152175,112290,922236),
(174382,112290,621607),
(180149,112290,868691),
(184634,112290,96249),
(201013,112290,708781),
(220339,112290,406990),
(247608,112290,304274),
(256240,112290,926960),
(266368,112290,555196),
(275713,112290,234211),
(281243,112290,213802),
(284337,112290,214522),
(290848,112290,176691),
(292815,112290,208200),
(304444,112290,733340),
(308329,112290,831629),
(313126,112290,243054),
(313969,112290,613969),
(323403,112290,897816),
(328405,112290,311813),
(347943,112290,559828),
(356562,112290,10120),
(367572,112290,379206),
(376249,112290,317883),
(378974,112290,930040),
(385911,112290,470376),
(389753,112290,658181),
(392786,112290,421097),
(402498,112290,210484),
(403180,112290,866693),
(406971,112290,284633),
(438105,112290,331021),
(443594,112290,374121),
(454061,112290,443654),
(469664,112290,586595),
(471342,112290,231154),
(510575,112290,107129),
(514278,112290,356233),
(553953,112290,364410),
(558289,112290,287310),
(558382,112290,925463),
(569014,112290,610908),
(572783,112290,782748),
(589158,112290,992160),
(606081,112290,771324),
(780070,112290,817372),
(793011,112290,75754),
(22591,116907,75599),
(39553,116907,11997),
(43791,116907,499601),
(58327,116907,303349),
(106703,116907,372949),
(123513,116907,504968),
(171349,116907,295404),
(200375,116907,615539),
(243869,116907,38713),
(268301,116907,338283),
(280713,116907,566118),
(310781,116907,562786),
(358984,116907,65822),
(368399,116907,838725),
(370374,116907,752181),
(392666,116907,244556),
(407465,116907,537259),
(409790,116907,416906),
(427835,116907,306264),
(469043,116907,273729),
(486314,116907,59292),
(513705,116907,469994),
(522415,116907,941535),
(563536,116907,167452),
(563537,116907,349085),
(591697,116907,579382),
(636253,116907,946116),
(637412,116907,480165),
(639416,116907,610146),
(665680,116907,877880),
(703930,116907,882831),
(710722,116907,387856),
(715266,116907,955561),
(747988,116907,166048),
(765589,116907,59081),
(793000,116907,692560),
(816230,116907,93389),
(818984,116907,895582),
(834815,116907,890016),
(15854,124110,383685),
(22489,124110,593645),
(54620,124110,687692),
(64793,124110,312075),
(73209,124110,158009),
(134973,124110,220182),
(141883,124110,139779),
(172927,124110,176687),
(182947,124110,848537),
(200331,124110,17734),
(200896,124110,248878),
(212283,124110,608250),
(220634,124110,542303),
(273276,124110,986557),
(288752,124110,227541),
(292742,124110,631078),
(295515,124110,311383),
(306942,124110,618951),
(332260,124110,859844),
(350939,124110,141287),
(363724,124110,215338),
(398869,124110,130273),
(420479,124110,928860),
(507646,124110,169430),
(515526,124110,253606),
(529149,124110,247565),
(537264,124110,595936),
(541607,124110,314574),
(605924,124110,892528),
(617939,124110,793547),
(621159,124110,373634),
(655124,124110,201542),
(657456,124110,402881),
(658546,124110,526054),
(683457,124110,456141),
(685558,124110,236809),
(720001,124110,316228),
(757618,124110,942354),
(774281,124110,45339),
(794547,124110,513164),
(797458,124110,730472),
(49108,130128,814626),
(55174,130128,956958),
(57631,130128,390018),
(67492,130128,278567),
(77118,130128,603600),
(78574,130128,327746),
(87502,130128,711183),
(94387,130128,434453),
(95789,130128,242018),
(95799,130128,529523),
(97090,130128,837824),
(132963,130128,407078),
(163629,130128,557581),
(173008,130128,833271),
(174206,130128,699527),
(180650,130128,475220),
(185657,130128,98231),
(186293,130128,387746),
(189341,130128,831712),
(201256,130128,400757),
(221889,130128,12588),
(275761,130128,580145),
(290329,130128,377528),
(299764,130128,654468),
(302252,130128,1443),
(302307,130128,598164),
(302319,130128,559867),
(327340,130128,61147),
(358968,130128,598732),
(372035,130128,205574),
(394992,130128,569064),
(397635,130128,126313),
(397809,130128,825966),
(402830,130128,206672),
(407892,130128,837080),
(412398,130128,115356),
(427924,130128,587577),
(441120,130128,508378),
(449574,130128,405195),
(476935,130128,733677),
(484994,130128,479872),
(489225,130128,694512),
(493680,130128,720952),
(495778,130128,154767),
(586071,130128,375261),
(639326,130128,901312),
(673351,130128,885113),
(677015,130128,370494),
(696908,130128,740558),
(697788,130128,580253),
(789872,130128,533786),
(790575,130128,834489),
(797706,130128,607351),
(800471,130128,106697),
(9184,147603,987363),
(22591,147603,995205),
(58775,147603,748624),
(120124,147603,621571),
(141692,147603,218783),
(186688,147603,201020),
(202412,147603,303361),
(309251,147603,354022),
(422368,147603,942406),
(441304,147603,683051),
(442667,147603,734006),
(460006,147603,65856),
(496062,147603,993984),
(516846,147603,551284),
(560580,147603,386664),
(602511,147603,969829),
(724571,147603,843332),
(763064,147603,258470),
(773613,147603,933742),
(785702,147603,301315),
(791001,147603,234117),
(6005,167324,869282),
(11547,167324,502523),
(15068,167324,660690),
(18826,167324,859201),
(22591,167324,65579),
(28510,167324,988625),
(32884,167324,396948),
(37040,167324,271045),
(38626,167324,513367),
(43926,167324,612669),
(47858,167324,190080),
(48468,167324,926284),
(55349,167324,687511),
(56160,167324,253059),
(56369,167324,820966),
(57184,167324,366471),
(57333,167324,639843),
(57830,167324,245272),
(62520,167324,388263),
(63521,167324,393741),
(67598,167324,264402),
(67599,167324,867238),
(71116,167324,649522),
(75195,167324,663647),
(75369,167324,905872),
(77617,167324,396285),
(80345,167324,467942),
(93689,167324,295676),
(95298,167324,889129),
(95420,167324,618098),
(98021,167324,276676),
(99184,167324,894041),
(101230,167324,437335),
(109823,167324,286109),
(105163,167324,694174),
(107285,167324,616326),
(110563,167324,924626),
(111129,167324,320689),
(112303,167324,97728),
(115036,167324,132975),
(127498,167324,231356),
(128274,167324,792966),
(130922,167324,553646),
(133243,167324,497900),
(136754,167324,928525),
(138172,167324,756384),
(140494,167324,719729),
(146642,167324,933917),
(148581,167324,288539),
(151186,167324,198669),
(164729,167324,809683),
(167625,167324,404554),
(169704,167324,504165),
(171937,167324,717404),
(172617,167324,854037),
(173761,167324,689404),
(175000,167324,899888),
(180448,167324,187481),
(184188,167324,35901),
(184753,167324,577285),
(185823,167324,484551),
(185960,167324,448609),
(186528,167324,578994),
(189012,167324,610543),
(189147,167324,168025),
(197019,167324,453640),
(197630,167324,297505),
(197824,167324,1291),
(206648,167324,444041),
(208323,167324,314791),
(210799,167324,908934),
(213580,167324,441581),
(215640,167324,553199),
(217950,167324,104037),
(224682,167324,15032),
(224799,167324,747608),
(224998,167324,496594),
(231719,167324,516811),
(232212,167324,544947),
(233656,167324,895049),
(243104,167324,205328),
(243383,167324,734464),
(243963,167324,946030),
(244175,167324,617318),
(244292,167324,231336),
(244298,167324,455568),
(244351,167324,706059),
(244402,167324,396740),
(244421,167324,336059),
(244423,167324,841456),
(246659,167324,634932),
(248525,167324,878826),
(251891,167324,152049),
(255239,167324,883875),
(258441,167324,904903),
(265918,167324,273274),
(266236,167324,159564),
(267122,167324,147770),
(267297,167324,758425),
(269124,167324,895067),
(273819,167324,458630),
(273956,167324,156662),
(274897,167324,196332),
(282244,167324,425111),
(282610,167324,902065),
(283456,167324,799889),
(287087,167324,165917),
(289909,167324,981294),
(290194,167324,330345),
(295164,167324,605997),
(300784,167324,4814),
(301208,167324,422132),
(301555,167324,326604),
(305678,167324,7759),
(308540,167324,90076),
(308971,167324,953177),
(311597,167324,172710),
(312623,167324,102771),
(313131,167324,852010),
(313930,167324,338013),
(315810,167324,58265),
(320960,167324,137380),
(322384,167324,886438),
(323181,167324,702833),
(324334,167324,384265),
(325101,167324,708529),
(332724,167324,9427),
(338314,167324,906118),
(341134,167324,820004),
(343482,167324,792735),
(343930,167324,313932),
(346397,167324,102851),
(350285,167324,16727),
(353656,167324,977097),
(354791,167324,362616),
(356699,167324,822145),
(358535,167324,984555),
(359632,167324,291378),
(368457,167324,392356),
(369198,167324,622214),
(370660,167324,159269),
(373998,167324,746067),
(376648,167324,538250),
(381097,167324,322482),
(381107,167324,593727),
(382324,167324,260065),
(388899,167324,270670),
(392562,167324,4720),
(393147,167324,295995),
(395021,167324,337843),
(395093,167324,769578),
(398943,167324,455370),
(401895,167324,421717),
(402212,167324,618310),
(403151,167324,84704),
(403501,167324,68852),
(406571,167324,771740),
(407308,167324,124833),
(410850,167324,862803),
(412279,167324,967394),
(412451,167324,681540),
(412682,167324,175138),
(418173,167324,606261),
(427695,167324,450563),
(429374,167324,791066),
(429501,167324,70396),
(431701,167324,162521),
(433904,167324,400930),
(436358,167324,966705),
(441610,167324,3995),
(449381,167324,61800),
(450598,167324,290290),
(454860,167324,748737),
(456190,167324,995289),
(456609,167324,970102),
(456655,167324,974619),
(460895,167324,727075),
(464470,167324,828987),
(468060,167324,38532),
(474363,167324,932230),
(481628,167324,59325),
(493025,167324,684588),
(494565,167324,405344),
(496762,167324,976987),
(498433,167324,987834),
(501075,167324,754443),
(502519,167324,822688),
(507903,167324,475701),
(508880,167324,264345),
(512626,167324,703014),
(514911,167324,96851),
(518701,167324,735371),
(518886,167324,345675),
(535586,167324,204193),
(541008,167324,84605),
(560624,167324,18430),
(578188,167324,552616),
(584867,167324,228895),
(589148,167324,269022),
(589358,167324,725596),
(594265,167324,1931),
(594542,167324,156890),
(616252,167324,131054),
(625635,167324,473480),
(646850,167324,222038),
(653798,167324,339),
(667101,167324,883774),
(674597,167324,475865),
(674622,167324,708956),
(674641,167324,348002),
(674719,167324,70119),
(677526,167324,781472),
(699052,167324,661216),
(712567,167324,686508),
(716049,167324,611061),
(716403,167324,995127),
(720751,167324,504764),
(722775,167324,579521),
(727611,167324,890708),
(729237,167324,273950),
(737979,167324,166537),
(739926,167324,210944),
(750989,167324,907671),
(751680,167324,263096),
(758314,167324,584022),
(797667,167324,996708),
(803705,167324,86834),
(828034,167324,57080),
(836217,167324,333965),
(839275,167324,454076),
(52978,176711,490418),
(74449,176711,753455),
(84199,176711,807499),
(106131,176711,719187),
(216347,176711,584434),
(249940,176711,222398),
(260069,176711,625348),
(260427,176711,773373),
(260737,176711,681534),
(280984,176711,859598),
(284742,176711,21876),
(292028,176711,763983),
(299922,176711,791246),
(319868,176711,812498),
(330833,176711,757874),
(341985,176711,792291),
(352931,176711,194824),
(363245,176711,499847),
(363257,176711,700635),
(378578,176711,122827),
(420990,176711,203568),
(435415,176711,843442),
(459441,176711,395289),
(464802,176711,787831),
(465932,176711,218782),
(519687,176711,641887),
(525594,176711,881088),
(606682,176711,438618),
(623535,176711,552941),
(626150,176711,551986),
(626225,176711,894500),
(646020,176711,370626),
(673153,176711,783523),
(673865,176711,159039),
(683804,176711,669156),
(697645,176711,940208),
(704920,176711,221365),
(706956,176711,66146),
(812916,176711,856513),
(817238,176711,134218),
(840317,176711,266504),
(43802,176712,443777),
(74449,176712,632780),
(88326,176712,448018),
(127373,176712,488429),
(192290,176712,91207),
(225014,176712,184509),
(280984,176712,171244),
(292028,176712,379347),
(319795,176712,522484),
(341985,176712,703196),
(363257,176712,801654),
(378578,176712,51866),
(438134,176712,895273),
(461413,176712,239200),
(549030,176712,827221),
(557743,176712,650634),
(575732,176712,465929),
(589608,176712,490689),
(596738,176712,685123),
(599020,176712,712938),
(613315,176712,320088),
(623535,176712,664749),
(645886,176712,186696),
(646020,176712,48418),
(673358,176712,589393),
(676314,176712,438595),
(697645,176712,332496),
(701044,176712,248323),
(711529,176712,351987),
(727540,176712,442531),
(745520,176712,92830),
(773694,176712,406953),
(778957,176712,162877),
(791868,176712,487913),
(795587,176712,86932),
(800701,176712,168135),
(812916,176712,260191),
(820312,176712,465032),
(2925,192017,76705),
(12987,192017,178986),
(19873,192017,706393),
(24660,192017,773609),
(28218,192017,701309),
(70137,192017,655575),
(103007,192017,718278),
(103728,192017,780856),
(107687,192017,33749),
(172915,192017,184682),
(181392,192017,773914),
(191424,192017,244625),
(194181,192017,623155),
(298874,192017,760592),
(300405,192017,709539),
(312299,192017,317333),
(366808,192017,469036),
(413114,192017,372322),
(474929,192017,804811),
(505244,192017,197159),
(506067,192017,843424),
(517767,192017,990498),
(518067,192017,498485),
(551171,192017,386049),
(573523,192017,149316),
(573952,192017,331940),
(578128,192017,764475),
(593617,192017,104756),
(610800,192017,301745),
(616663,192017,482592),
(698334,192017,291036),
(715702,192017,628908),
(716748,192017,847800),
(770448,192017,350511),
(4306,194874,199592),
(4856,194874,65899),
(8161,194874,800187),
(21959,194874,915415),
(48630,194874,65872),
(90307,194874,868520),
(129545,194874,376895),
(141251,194874,810970),
(161529,194874,417975),
(200269,194874,691639),
(201146,194874,881728),
(221162,194874,429575),
(241542,194874,513016),
(249944,194874,54251),
(250025,194874,81382),
(253952,194874,567464),
(272703,194874,541692),
(293993,194874,830857),
(322781,194874,48594),
(339994,194874,823654),
(332893,194874,672095),
(335955,194874,46579),
(338938,194874,465099),
(339292,194874,642425),
(347118,194874,798021),
(353175,194874,838561),
(367646,194874,103486),
(397039,194874,630269),
(415630,194874,978601),
(435124,194874,325490),
(435264,194874,942601),
(435526,194874,691094),
(464800,194874,28451),
(464989,194874,65211),
(465155,194874,635250),
(465884,194874,823617),
(512688,194874,496452),
(519486,194874,137361),
(519545,194874,874528),
(522807,194874,544702),
(540321,194874,224059),
(592087,194874,899457),
(616440,194874,324624),
(654457,194874,497803),
(666662,194874,850289),
(672860,194874,922762),
(686422,194874,528771),
(726124,194874,489067),
(800785,194874,389428),
(807955,194874,131124),
(835271,194874,71241),
(14973,207992,79963),
(19123,207992,420381),
(25293,207992,564501),
(65966,207992,334977),
(85282,207992,704223),
(124607,207992,398024),
(126550,207992,586441),
(151786,207992,929573),
(176042,207992,866349),
(182820,207992,400737),
(196459,207992,894793),
(269326,207992,164748),
(271316,207992,362340),
(350358,207992,387870),
(361482,207992,399446),
(362802,207992,650549),
(386627,207992,22531),
(393411,207992,846677),
(427337,207992,639164),
(439574,207992,677904),
(468167,207992,329730),
(504272,207992,521530),
(508359,207992,889865),
(514922,207992,872519),
(517132,207992,795108),
(521886,207992,487727),
(564927,207992,356422),
(623010,207992,467255),
(636338,207992,455380),
(666956,207992,205282),
(715637,207992,336520),
(729933,207992,667737),
(736852,207992,962569),
(750910,207992,207927),
(813694,207992,361287),
(837687,207992,709149),
(49922,210511,355083),
(146916,210511,60655),
(211557,210511,768174),
(274282,210511,633399),
(361482,210511,179320),
(366618,210511,978448),
(395132,210511,862233),
(474882,210511,500113),
(495184,210511,210774),
(570616,210511,249924),
(623436,210511,493146),
(647469,210511,519412),
(729933,210511,540123),
(730692,210511,26934),
(22591,224842,585861),
(45176,224842,944113),
(46035,224842,355126),
(50561,224842,908622),
(52927,224842,736326),
(52941,224842,856453),
(53441,224842,218214),
(58566,224842,792368),
(58871,224842,129850),
(81486,224842,439265),
(82887,224842,314265),
(88262,224842,567864),
(94668,224842,443467),
(119276,224842,546538),
(124961,224842,782203),
(125323,224842,782694),
(127395,224842,938689),
(127836,224842,442622),
(145529,224842,311134),
(149545,224842,748214),
(151786,224842,88497),
(152366,224842,668385),
(154245,224842,808750),
(167114,224842,726186),
(180512,224842,202444),
(188463,224842,241778),
(206644,224842,468556),
(234872,224842,72805),
(243428,224842,209641),
(243897,224842,907939),
(288254,224842,542322),
(291110,224842,613810),
(310903,224842,512900),
(341916,224842,243694),
(347754,224842,793384),
(350997,224842,912293),
(351274,224842,269495),
(359477,224842,531332),
(361582,224842,372132),
(366884,224842,53289),
(368424,224842,153975),
(384513,224842,175297),
(384898,224842,417133),
(397623,224842,847172),
(398679,224842,779186),
(401104,224842,275209),
(406968,224842,783763),
(433731,224842,483676),
(444015,224842,593078),
(451797,224842,300914),
(467346,224842,672450),
(472909,224842,58096),
(475243,224842,34895),
(488059,224842,470470),
(498933,224842,33503),
(500331,224842,427993),
(510458,224842,399948),
(514454,224842,932513),
(595015,224842,495752),
(607053,224842,522410),
(638626,224842,527566),
(646623,224842,551217),
(697055,224842,706025),
(740739,224842,566397),
(742493,224842,842854),
(774501,224842,526497),
(776772,224842,573239),
(833636,224842,568249),
(835808,224842,589796),
(836222,224842,604090),
(14741,237431,810710),
(22669,237431,770219),
(89558,237431,593598),
(92556,237431,906037),
(99325,237431,667590),
(99351,237431,157372),
(127499,237431,159672),
(132506,237431,341850),
(132969,237431,314445),
(151200,237431,876493),
(156020,237431,400806),
(157570,237431,889307),
(159290,237431,446158),
(163893,237431,606615),
(167973,237431,639988),
(178861,237431,252938),
(180543,237431,684733),
(194465,237431,370618),
(212771,237431,874118),
(214150,237431,383270),
(248284,237431,853690),
(271396,237431,262103),
(282065,237431,263431),
(309156,237431,554093),
(312231,237431,849543),
(342280,237431,86783),
(368628,237431,317540),
(390972,237431,958562),
(392613,237431,582396),
(406711,237431,575851),
(445292,237431,393789),
(482608,237431,867319),
(496490,237431,980704),
(503188,237431,286695),
(504229,237431,478100),
(508419,237431,45326),
(562444,237431,876326),
(588021,237431,824653),
(588101,237431,245932),
(646604,237431,917770),
(659368,237431,869113),
(722891,237431,993990),
(762207,237431,239428),
(789381,237431,834197),
(809136,237431,824859),
(809465,237431,475839),
(821935,237431,502930),
(832250,237431,963378),
(833865,237431,311953),
(834126,237431,265961),
(3226,238072,264777),
(7124,238072,178516),
(8409,238072,449047),
(8412,238072,369006),
(8426,238072,767844),
(38973,238072,597051),
(55263,238072,5948),
(67493,238072,27037),
(68858,238072,545858),
(82770,238072,379412),
(89558,238072,813949),
(99401,238072,977982),
(103411,238072,256222),
(107068,238072,145899),
(116901,238072,953051),
(151331,238072,253181),
(151533,238072,693215),
(165505,238072,27818),
(165825,238072,31075),
(180540,238072,72172),
(181071,238072,793517),
(185071,238072,234701),
(205863,238072,830626),
(214094,238072,678092),
(224828,238072,607144),
(228721,238072,159961),
(229140,238072,967419),
(232111,238072,21008),
(251175,238072,605414),
(254667,238072,391746),
(261960,238072,63660),
(262141,238072,599411),
(264716,238072,12162),
(269453,238072,120704),
(273506,238072,626368),
(277029,238072,72621),
(289830,238072,304173),
(296907,238072,896726),
(301244,238072,519318),
(316965,238072,529379),
(318718,238072,264308),
(343714,238072,621104),
(346988,238072,891472),
(363615,238072,67354),
(365287,238072,521403),
(369461,238072,902912),
(371050,238072,155158),
(374730,238072,109626),
(376249,238072,576869),
(385452,238072,455849),
(385663,238072,718495),
(393119,238072,954295),
(394261,238072,9794),
(402568,238072,550797),
(402708,238072,359599),
(404379,238072,554266),
(406907,238072,252600),
(414502,238072,821058),
(426293,238072,224294),
(426496,238072,397707),
(438109,238072,662543),
(445127,238072,370766),
(445758,238072,171205),
(445788,238072,372325),
(447116,238072,518395),
(447119,238072,17777),
(452722,238072,197757),
(453751,238072,995620),
(454993,238072,84739),
(475069,238072,424143),
(502063,238072,102180),
(503427,238072,605492),
(505496,238072,668358),
(507342,238072,526061),
(522851,238072,591500),
(530401,238072,103149),
(554784,238072,480743),
(584471,238072,124200),
(602559,238072,923453),
(621259,238072,893602),
(627711,238072,181551),
(636657,238072,957043),
(720752,238072,470875),
(770247,238072,810712),
(22723,238695,40817),
(32474,238695,584490),
(41200,238695,780337),
(49086,238695,166158),
(91369,238695,617039),
(113187,238695,833674),
(130410,238695,100363),
(154514,238695,328938),
(205567,238695,547325),
(224852,238695,30345),
(233402,238695,579453),
(235110,238695,342586),
(259004,238695,491206),
(281238,238695,783263),
(288772,238695,116894),
(310765,238695,738786),
(313569,238695,878063),
(338797,238695,575687),
(376350,238695,295956),
(380135,238695,483496),
(396079,238695,423563),
(398802,238695,408193),
(406711,238695,31459),
(426251,238695,267837),
(512793,238695,233741),
(536750,238695,136581),
(550248,238695,709314),
(600417,238695,959673),
(612605,238695,942015),
(631318,238695,461874),
(716989,238695,895002),
(828431,238695,846991),
(832753,238695,675765),
(17326,254943,593833),
(84019,254943,732107),
(158347,254943,725768),
(188640,254943,331634),
(195126,254943,125539),
(205634,254943,235749),
(223383,254943,472371),
(231223,254943,428435),
(278406,254943,591134),
(296955,254943,176816),
(298615,254943,734073),
(327456,254943,825250),
(338797,254943,84684),
(366696,254943,942086),
(420051,254943,757782),
(426461,254943,509190),
(429205,254943,562991),
(434338,254943,807820),
(457189,254943,413200),
(467518,254943,232504),
(481747,254943,3133),
(623457,254943,268584),
(636385,254943,93200),
(648040,254943,390184),
(688004,254943,133725),
(737316,254943,477233),
(790698,254943,293906),
(790699,254943,441500),
(36390,256630,59385),
(55975,256630,380471),
(85253,256630,136412),
(97507,256630,983269),
(172814,256630,131396),
(210962,256630,573308),
(230490,256630,113666),
(233574,256630,325272),
(511973,256630,969535),
(621545,256630,738633),
(678980,256630,236671),
(22591,257264,500588),
(24164,257264,800532),
(71116,257264,567363),
(141094,257264,973969),
(142943,257264,547472),
(149274,257264,181826),
(155804,257264,821189),
(195384,257264,364374),
(205106,257264,793224),
(205392,257264,298813),
(233163,257264,631497),
(269401,257264,994598),
(280540,257264,868610),
(301810,257264,500767),
(311756,257264,810824),
(325748,257264,94132),
(346233,257264,914869),
(360502,257264,831939),
(371745,257264,763758),
(388301,257264,942087),
(399230,257264,255664),
(453151,257264,868197),
(474386,257264,532709),
(483095,257264,494231),
(501954,257264,823748),
(513863,257264,301562),
(518624,257264,696318),
(533710,257264,681666),
(541435,257264,438738),
(565166,257264,368836),
(567368,257264,11123),
(574986,257264,384053),
(597426,257264,230943),
(605730,257264,985580),
(631024,257264,531879),
(652012,257264,533230),
(661973,257264,621778),
(673856,257264,581331),
(715702,257264,433833),
(718945,257264,469991),
(721048,257264,54725),
(728638,257264,46780),
(736051,257264,439813),
(737212,257264,367890),
(770558,257264,358909),
(777168,257264,427658),
(809607,257264,189940),
(821956,257264,417931),
(826110,257264,349549),
(7817,267038,406076),
(17433,267038,331110),
(36472,267038,289947),
(45243,267038,842272),
(65536,267038,957416),
(68754,267038,370374),
(87969,267038,270700),
(173104,267038,724991),
(183894,267038,688327),
(207426,267038,116328),
(210153,267038,762891),
(225014,267038,994609),
(242760,267038,456661),
(264162,267038,340249),
(279222,267038,930109),
(321383,267038,818199),
(362817,267038,452193),
(374784,267038,360883),
(396528,267038,96205),
(408902,267038,62192),
(412573,267038,515036),
(434562,267038,787552),
(436214,267038,355121),
(441022,267038,340845),
(452838,267038,736873),
(456313,267038,5964),
(466585,267038,209087),
(478676,267038,852558),
(482416,267038,170643),
(499566,267038,604665),
(507903,267038,438368),
(508288,267038,880953),
(512541,267038,807827),
(539150,267038,146775),
(596862,267038,568717),
(627760,267038,652535),
(639885,267038,373990),
(640057,267038,338449),
(654019,267038,888825),
(667689,267038,601224),
(673070,267038,957355),
(694110,267038,504559),
(700526,267038,953583),
(712086,267038,114803),
(756056,267038,378036),
(782153,267038,220318),
(806043,267038,100194),
(812916,267038,714300),
(820312,267038,974568),
(25743,276217,410958),
(36472,276217,919230),
(59227,276217,416728),
(63695,276217,465501),
(65536,276217,295657),
(97566,276217,671408),
(193995,276217,188724),
(242760,276217,748869),
(292028,276217,949455),
(368399,276217,201512),
(378578,276217,865572),
(408902,276217,354787),
(412573,276217,222772),
(447813,276217,787793),
(452774,276217,236860),
(452838,276217,952020),
(466585,276217,387078),
(473634,276217,700268),
(482416,276217,36777),
(498580,276217,953486),
(518086,276217,139739),
(575999,276217,703778),
(673070,276217,32456),
(688902,276217,499065),
(803695,276217,511901),
(11489,297838,136196),
(22188,297838,989028),
(35463,297838,886838),
(35741,297838,647414),
(48468,297838,49283),
(55108,297838,661410),
(55702,297838,734479),
(59323,297838,507875),
(59824,297838,116),
(86916,297838,771094),
(95602,297838,24679),
(99685,297838,916856),
(110268,297838,129286),
(116949,297838,730510),
(118282,297838,424034),
(118957,297838,271605),
(126469,297838,101857),
(156523,297838,970010),
(159225,297838,954678),
(159346,297838,131162),
(174704,297838,333536),
(183829,297838,30772),
(189012,297838,996879),
(192874,297838,52485),
(202366,297838,543858),
(214502,297838,214847),
(242102,297838,953306),
(244368,297838,218514),
(245499,297838,20021),
(249760,297838,554458),
(277813,297838,417747),
(278501,297838,402783),
(287224,297838,696089),
(292379,297838,429602),
(296549,297838,662189),
(306573,297838,334537),
(309501,297838,733454),
(312806,297838,378798),
(314365,297838,425167),
(320846,297838,403585),
(343346,297838,409814),
(367071,297838,670831),
(383529,297838,779133),
(387921,297838,703276),
(394020,297838,266508),
(401104,297838,143683),
(405572,297838,166993),
(414705,297838,331984),
(449070,297838,791888),
(454105,297838,979364),
(460144,297838,909398),
(460159,297838,869534),
(471769,297838,532001),
(509261,297838,728537),
(517126,297838,72882),
(526627,297838,727089),
(555599,297838,727624),
(791930,297838,724461),
(794261,297838,487270),
(795871,297838,800225),
(828984,297838,861400),
(2547,300229,31966),
(15921,300229,758596),
(41156,300229,923871),
(43899,300229,9114),
(46276,300229,773400),
(69902,300229,766846),
(76739,300229,605471),
(103007,300229,664557),
(118681,300229,276659),
(163807,300229,383076),
(177746,300229,982154),
(251911,300229,402016),
(280713,300229,477323),
(321301,300229,937016),
(335657,300229,170631),
(337097,300229,141523),
(366715,300229,111753),
(394821,300229,530070),
(444634,300229,345419),
(492299,300229,318993),
(493665,300229,935245),
(545489,300229,526884),
(602370,300229,469642),
(624888,300229,743016),
(627035,300229,496856),
(2700,306032,594914),
(31092,306032,682302),
(33582,306032,103733),
(33865,306032,218579),
(56513,306032,952360),
(62556,306032,39225),
(70588,306032,714114),
(71699,306032,361996),
(71767,306032,786142),
(96353,306032,722809),
(101557,306032,209512),
(103244,306032,358260),
(109357,306032,533778),
(115652,306032,738251),
(116634,306032,389155),
(125700,306032,85072),
(127583,306032,179115),
(128379,306032,902273),
(145053,306032,536019),
(145321,306032,443463),
(145563,306032,604179),
(153139,306032,506563),
(154269,306032,204744),
(155121,306032,583459),
(169408,306032,352422),
(176918,306032,364115),
(181512,306032,576518),
(200155,306032,977286),
(210144,306032,903375),
(217399,306032,833508),
(222947,306032,620013),
(226488,306032,845317),
(233693,306032,707006),
(235260,306032,403475),
(272853,306032,156831),
(312773,306032,720878),
(318673,306032,507967),
(349878,306032,847219),
(366832,306032,641943),
(376249,306032,172101),
(393971,306032,445166),
(400031,306032,107950),
(409474,306032,387392),
(430641,306032,548419),
(435165,306032,546301),
(443599,306032,117060),
(445208,306032,212997),
(452242,306032,144673),
(452549,306032,708506),
(453799,306032,566245),
(462782,306032,262346),
(464554,306032,53241),
(464555,306032,38240),
(466074,306032,653285),
(470693,306032,624103),
(473853,306032,921525),
(476507,306032,871165),
(502551,306032,324063),
(506000,306032,966207),
(511760,306032,317827),
(584127,306032,216836),
(584158,306032,8708),
(590723,306032,182693),
(786291,306032,295215),
(18534,313459,775585),
(20565,313459,280160),
(24298,313459,106233),
(24389,313459,57569),
(32648,313459,799930),
(32842,313459,205604),
(36641,313459,344312),
(38306,313459,876184),
(41012,313459,510417),
(45193,313459,718556),
(60384,313459,816716),
(64724,313459,759563),
(66791,313459,29247),
(81479,313459,605114),
(93441,313459,544969),
(95766,313459,866150),
(103769,313459,341445),
(103985,313459,759495),
(109892,313459,469071),
(107609,313459,101423),
(118428,313459,26471),
(121418,313459,92981),
(121453,313459,451873),
(121475,313459,332785),
(155223,313459,308097),
(155704,313459,60501),
(163352,313459,896150),
(166901,313459,47114),
(168906,313459,467636),
(175853,313459,156775),
(176421,313459,799913),
(181749,313459,808580),
(188411,313459,215637),
(192139,313459,569346),
(193293,313459,781040),
(194181,313459,476397),
(196754,313459,202636),
(197798,313459,107348),
(204119,313459,924510),
(204475,313459,840259),
(205055,313459,836579),
(213555,313459,878523),
(215780,313459,291838),
(221431,313459,358374),
(232234,313459,896052),
(233082,313459,523802),
(241719,313459,61813),
(250001,313459,481348),
(250281,313459,66279),
(265558,313459,298612),
(269536,313459,526752),
(274881,313459,497620),
(280561,313459,197071),
(290708,313459,711722),
(293066,313459,151363),
(296048,313459,568314),
(307200,313459,467315),
(308366,313459,909653),
(309571,313459,676657),
(309697,313459,745728),
(328248,313459,545700),
(371393,313459,464134),
(380938,313459,138826),
(383596,313459,137630),
(384778,313459,137239),
(399367,313459,780773),
(409131,313459,353069),
(425137,313459,156811),
(440072,313459,846497),
(455851,313459,582344),
(457215,313459,377531),
(458852,313459,364929),
(460215,313459,355863),
(462470,313459,126597),
(462473,313459,322701),
(473636,313459,166934),
(474368,313459,151953),
(477860,313459,950232),
(481290,313459,781934),
(484554,313459,798627),
(501054,313459,219994),
(501285,313459,836982),
(501947,313459,776187),
(504861,313459,926262),
(507612,313459,435399),
(512212,313459,881554),
(516466,313459,770334),
(566874,313459,188467),
(583108,313459,116992),
(595613,313459,288303),
(610382,313459,41373),
(616010,313459,576254),
(620283,313459,780887),
(624531,313459,57166),
(653075,313459,697323),
(667702,313459,916248),
(668050,313459,911241),
(683913,313459,976689),
(683916,313459,937883),
(729677,313459,723718),
(773636,313459,685795),
(792242,313459,554960),
(799247,313459,463622),
(831121,313459,999165),
(22262,314965,53324),
(22591,314965,515904),
(95622,314965,164456),
(98103,314965,778612),
(131649,314965,266112),
(184173,314965,789440),
(224034,314965,872022),
(318797,314965,734044),
(341012,314965,748325),
(342939,314965,349680),
(350741,314965,373516),
(378220,314965,125863),
(390454,314965,550262),
(398944,314965,402108),
(433068,314965,548179),
(443171,314965,457365),
(456302,314965,495056),
(499967,314965,208036),
(511354,314965,556530),
(585548,314965,788439),
(605742,314965,874300),
(613378,314965,209150),
(695024,314965,412571),
(729434,314965,878467),
(803742,314965,761236),
(816897,314965,877780),
(819723,314965,479893),
(822281,314965,181794),
(831862,314965,250060),
(841405,314965,368756),
(933,333856,460969),
(2898,333856,683576),
(11865,333856,661746),
(12043,333856,854528),
(18638,333856,585399),
(29603,333856,554881),
(54608,333856,16494),
(57665,333856,762669),
(66328,333856,215596),
(66776,333856,919764),
(69940,333856,521654),
(70744,333856,406858),
(72215,333856,316277),
(76228,333856,868161),
(76443,333856,263355),
(76653,333856,539088),
(81499,333856,743722),
(93883,333856,814867),
(95037,333856,742851),
(99597,333856,937002),
(99941,333856,217220),
(101233,333856,549203),
(118569,333856,311789),
(125676,333856,980441),
(121758,333856,34654),
(130426,333856,598498),
(134352,333856,210925),
(138312,333856,575344),
(140049,333856,997946),
(142962,333856,298248),
(144555,333856,220234),
(153207,333856,21490),
(155472,333856,718826),
(155930,333856,69907),
(156939,333856,577462),
(157096,333856,918833),
(157680,333856,167697),
(162721,333856,896118),
(165721,333856,592536),
(167468,333856,320917),
(172669,333856,941218),
(181486,333856,476265),
(186652,333856,372296),
(199768,333856,492715),
(205287,333856,581869),
(208287,333856,729257),
(209729,333856,596102),
(211832,333856,7374),
(216473,333856,78475),
(219643,333856,546373),
(226351,333856,286951),
(227836,333856,776292),
(230528,333856,582626),
(243306,333856,616966),
(244575,333856,403857),
(248904,333856,253025),
(263645,333856,372126),
(264813,333856,332414),
(270444,333856,478924),
(279903,333856,582747),
(283561,333856,237424),
(288312,333856,222975),
(301563,333856,961726),
(307547,333856,521894),
(313916,333856,542539),
(335829,333856,98008),
(342443,333856,407443),
(348858,333856,736027),
(351253,333856,872636),
(354484,333856,365644),
(358426,333856,116416),
(359448,333856,223715),
(360793,333856,52912),
(366173,333856,796925),
(372149,333856,185743),
(373241,333856,851833),
(414913,333856,656110),
(444656,333856,188160),
(455151,333856,111392),
(462918,333856,221686),
(462919,333856,665236),
(468177,333856,572949),
(471961,333856,672028),
(480062,333856,711471),
(480247,333856,542687),
(481840,333856,798249),
(482854,333856,338071),
(484826,333856,231985),
(497962,333856,183825),
(499298,333856,916233),
(500666,333856,463695),
(502344,333856,781141),
(505031,333856,689160),
(513645,333856,759295),
(524132,333856,729476),
(534915,333856,965333),
(541702,333856,415290),
(547276,333856,155286),
(547303,333856,374504),
(560216,333856,287249),
(560719,333856,876222),
(562717,333856,386370),
(578075,333856,598435),
(608339,333856,39236),
(620301,333856,719357),
(621016,333856,829752),
(627384,333856,601061),
(629712,333856,835272),
(629713,333856,185311),
(635153,333856,215277),
(653279,333856,839813),
(659281,333856,330844),
(675117,333856,109316),
(678541,333856,287549),
(687048,333856,47731),
(709423,333856,962624),
(728576,333856,505348),
(740170,333856,892744),
(741046,333856,65212),
(744930,333856,905760),
(745079,333856,948972),
(758870,333856,929234),
(763718,333856,544320),
(763862,333856,667724),
(766230,333856,899560),
(773658,333856,681356),
(803835,333856,491304),
(827985,333856,54545),
(827986,333856,792316),
(837199,333856,331702),
(30298,344203,111802),
(52913,344203,619301),
(58481,344203,402394),
(63432,344203,828311),
(67954,344203,105275),
(69186,344203,473580),
(73473,344203,848642),
(88336,344203,411899),
(92907,344203,199260),
(151893,344203,588320),
(158111,344203,535281),
(158125,344203,774600),
(160178,344203,441738),
(166835,344203,839626),
(169238,344203,362833),
(175696,344203,968224),
(183405,344203,686221),
(192106,344203,694837),
(193699,344203,653659),
(195778,344203,829105),
(197172,344203,687710),
(215493,344203,124927),
(218133,344203,475643),
(226391,344203,999435),
(228167,344203,457504),
(243490,344203,784605),
(251881,344203,821432),
(276083,344203,752670),
(297612,344203,850883),
(297613,344203,977399),
(300498,344203,643705),
(307236,344203,569372),
(308572,344203,243710),
(349905,344203,744263),
(362075,344203,81114),
(373005,344203,840600),
(383529,344203,941898),
(395522,344203,277266),
(397770,344203,674070),
(403345,344203,783868),
(407154,344203,355685),
(416655,344203,351334),
(426450,344203,884200),
(438265,344203,323528),
(453895,344203,843098),
(496708,344203,263650),
(502910,344203,764900),
(503070,344203,535956),
(505762,344203,632601),
(507232,344203,262458),
(514908,344203,997801),
(520090,344203,253267),
(533504,344203,53615),
(547549,344203,160296),
(590235,344203,289609),
(606539,344203,770191),
(613134,344203,58088),
(663169,344203,370283),
(667210,344203,495764),
(687554,344203,457930),
(713211,344203,661419),
(800486,344203,577572),
(812803,344203,885606),
(828197,344203,639360),
(54888,350424,250247),
(60612,350424,246689),
(92394,350424,530386),
(92931,350424,65305),
(101879,350424,29181),
(114951,350424,530807),
(146792,350424,268756),
(163948,350424,761426),
(192018,350424,646251),
(193175,350424,89100),
(198505,350424,302534),
(198544,350424,514780),
(213832,350424,507392),
(216951,350424,319699),
(242176,350424,989167),
(242646,350424,734416),
(244826,350424,820750),
(256402,350424,379530),
(271849,350424,865924),
(272379,350424,67784),
(272456,350424,799881),
(272971,350424,556390),
(275842,350424,8384),
(277250,350424,559956),
(284337,350424,907106),
(287321,350424,466102),
(297473,350424,814688),
(312961,350424,43683),
(335034,350424,650715),
(336283,350424,256076),
(349941,350424,307670),
(375500,350424,775106),
(383394,350424,38847),
(412221,350424,403723),
(418701,350424,168714),
(425670,350424,226161),
(425938,350424,50019),
(431679,350424,73175),
(432677,350424,239603),
(441300,350424,246138),
(448453,350424,909757),
(449430,350424,932013),
(454171,350424,419817),
(462628,350424,198252),
(468102,350424,895332),
(472335,350424,34932),
(474979,350424,245388),
(488446,350424,30288),
(500661,350424,547819),
(503450,350424,823775),
(505706,350424,510901),
(511078,350424,504756),
(517076,350424,103412),
(540103,350424,796151),
(568474,350424,408921),
(572929,350424,675033),
(589421,350424,476374),
(589427,350424,196919),
(589713,350424,547347),
(602370,350424,219457),
(623022,350424,247280),
(624510,350424,439318),
(633197,350424,11254),
(639873,350424,374530),
(647023,350424,470103),
(648036,350424,500282),
(673878,350424,688722),
(695231,350424,482718),
(716414,350424,560781),
(722460,350424,961004),
(724348,350424,581273),
(758543,350424,114047),
(761233,350424,923145),
(764159,350424,816372),
(784772,350424,812134),
(789840,350424,109711),
(791422,350424,91115),
(799913,350424,185116),
(806256,350424,215750),
(809383,350424,758267),
(835184,350424,221954),
(835392,350424,415562),
(837678,350424,85265),
(837895,350424,931167),
(850000,300270,599201),
(850001,300270,633687),
(850002,300270,959968),
(850003,300270,432767),
(850004,300270,347023),
(850005,300270,357012),
(850006,300270,725247),
(850007,300270,73413),
(850008,300270,722140),
(850009,300270,90675),
(850010,300270,669861),
(850011,300270,336466),
(850012,300270,246752),
(850013,300270,850962),
(850014,300270,307093),
(850015,300270,259829),
(850016,300270,59734),
(850017,300270,974902),
(850018,300270,798919),
(850019,300270,95907),
(850020,300270,512329),
(850021,300270,480712),
(850022,300270,570929),
(850023,300270,508728),
(850024,300270,488221),
(850025,300270,557484),
(850026,300270,846584),
(850027,300270,119536),
(850028,300270,523528),
(850029,300270,228900),
(850030,300270,312361),
(850031,300270,340854),
(850032,300270,107511),
(850033,300270,910880),
(850034,300270,89617),
(850035,300270,549822),
(850036,300270,661531),
(850037,300270,480860),
(850038,300270,377464),
(850039,300270,21542),
(850040,300270,34268),
(850041,300270,127334),
(850042,300270,33898),
(850043,300270,471719),
(850044,300270,525385),
(850045,300270,223327),
(850046,300270,752459),
(850047,300270,887236),
(850048,300270,872980),
(850049,300270,779040),
(850050,300270,636484),
(850051,300270,570183),
(850052,300270,909470),
(850053,300270,121371),
(850054,300270,7077),
(850055,300270,333473),
(850056,300270,381465),
(850057,300270,358453),
(850058,300270,920944),
(850059,300270,483841),
(850060,300270,1382),
(850061,300270,438831),
(850062,300270,854717),
(850063,300270,129348),
(850064,300270,421974),
(850065,300270,637123),
(850066,300270,21910),
(850067,300270,700878),
(850068,300270,322208),
(850069,300270,299760),
(850070,300270,754858),
(850071,300270,697959),
(850072,300270,595632),
(850073,300270,689795),
(850074,300270,449437),
(850075,300270,957531),
(850076,300270,983784),
(850077,300270,543339),
(850078,300270,993702),
(850079,300270,101762),
(850080,300270,24925),
(850081,300270,639752),
(850082,300270,591929),
(850083,300270,722366),
(850084,300270,552045),
(850085,300270,665135),
(850086,300270,981684),
(850087,300270,977597),
(850088,300270,895660),
(850089,300270,696577),
(850090,300270,719054),
(850091,300270,363149),
(850092,300270,3033);
